date,description_raw,amount,true_category,true_anomaly,description_clean,merchant,month,day_of_week,day_of_month,category,category_confidence,amount_abs,log_amount,merchant_frequency,merchant_median_amount,merchant_amount_ratio,merchant_high_ratio,merchant_positive_robust_z,is_anomaly_candidate,is_anomaly,anomaly_score,anomaly_reason
2026-02-01,MAX STREAMING,24.9,Entertainment,0,max streaming,max streaming,2,6,1,Entertainment,0.9204,24.9,3.254242968705492,0.022,16.68,1.4928057553956835,1.4928057553956835,1.0229361702763122,False,False,29.6,
2026-02-01,TARGET STORE 1192,84.47,Shopping,0,target store,target,2,6,1,Shopping,0.8032,84.47,4.448165437177926,0.034,84.47,1.0,1.0,0.0,False,False,2.4,
2026-02-03,TACO BELL 3982,17.91,Dining,0,taco bell,taco bell,2,1,3,Dining,0.861,17.91,2.9396908826703663,0.036,12.05,1.4863070539419085,1.4863070539419085,1.700006817433482,False,False,36.5,
2026-02-03,CHEVRON 5812,50.44,Fuel,0,chevron,chevron,2,1,3,Fuel,0.9404,50.44,3.940416079929364,0.034,56.98,0.8852228852228853,1.0,0.0,False,False,0.1,
2026-02-04,SPEEDWAY 8912,29.91,Fuel,0,speedway,speedway,2,2,4,Fuel,0.8361,29.91,3.431079756144025,0.024,44.185,0.6769265587869187,1.0,0.0,False,False,8.4,
2026-02-04,TRADER JOES #551,39.07,Groceries,0,trader joes,trader joes,2,2,4,Groceries,0.8246,39.07,3.6906279246480533,0.032,72.02,0.5424881977228548,1.0,0.0,False,False,2.3,
2026-02-04,DUNKIN 349832,7.99,Dining,0,dunkin,dunkin,2,2,4,Dining,0.8728,7.99,2.196112848483529,0.044,7.555,1.057577763070814,1.057577763070814,0.11619939816725515,False,False,20.8,
2026-02-05,BP GAS STATION 2281,32.23,Fuel,0,bp gas station,bp,2,3,5,Fuel,0.8547,32.23,3.503453082366503,0.018,49.95,0.6452452452452452,1.0,0.0,False,False,15.2,
2026-02-05,TARGET STORE 1192,89.95,Shopping,0,target store,target,2,3,5,Shopping,0.8032,89.95,4.5103099049641315,0.034,84.47,1.0648751035870725,1.0648751035870725,0.10216167390635002,False,False,9.0,
2026-02-05,BP GAS STATION 2281,74.07,Fuel,0,bp gas station,bp,2,3,5,Fuel,0.8547,74.07,4.318421011584911,0.018,49.95,1.4828828828828826,1.4828828828828826,2.557974389713124,True,False,51.7,
2026-02-05,STARBUCKS STORE 12931,14.2,Dining,0,starbucks store,starbucks,2,3,5,Dining,0.8092,14.2,2.7212954278522306,0.07,9.87,1.4387031408308004,1.4387031408308004,1.19205917899333,False,False,44.9,
2026-02-06,CHEVRON 5812,48.06,Fuel,0,chevron,chevron,2,4,6,Fuel,0.9404,48.06,3.893044038830343,0.034,56.98,0.8434538434538436,1.0,0.0,False,False,0.5,
2026-02-07,TRADER JOES #551,70.44,Groceries,0,trader joes,trader joes,2,5,7,Groceries,0.8246,70.44,4.268857936568244,0.032,72.02,0.978061649541794,1.0,0.0,False,False,2.5,
2026-02-07,NETFLIX.COM,16.58,Entertainment,0,netflix com,netflix,2,5,7,Entertainment,0.8948,16.58,2.866761892257031,0.022,19.62,0.8450560652395513,1.0,0.0,False,False,7.6,
2026-02-07,COSTCO WHOLESALE,98.58,Groceries,0,costco wholesale,costco wholesale,2,5,7,Groceries,0.8857,98.58,4.600961341214036,0.06,107.98,0.9129468420077792,1.0,0.0,False,False,17.3,
2026-02-07,SPEEDWAY 8912,25.24,Fuel,0,speedway,speedway,2,5,7,Fuel,0.8361,25.24,3.267284964075888,0.024,44.185,0.5712345818716759,1.0,0.0,False,False,9.0,
2026-02-07,STARBUCKS STORE 12931,10.1,Dining,0,starbucks store,starbucks,2,5,7,Dining,0.8092,10.1,2.4069451083182885,0.07,9.87,1.0233029381965553,1.0233029381965553,0.06331954068555806,False,False,31.9,
2026-02-08,STARBUCKS STORE 12931,12.55,Dining,0,starbucks store,starbucks,2,6,8,Dining,0.8092,12.55,2.60638654732571,0.07,9.87,1.2715298885511652,1.2715298885511652,0.7378103001621538,False,False,34.9,
2026-02-08,BEST BUY 882,123.42,Shopping,0,best buy,best buy,2,6,8,Shopping,0.8555,123.42,4.823662939086874,0.038,117.4,1.0512776831345827,1.0512776831345827,0.08061215747566211,False,False,17.3,
2026-02-08,KROGER #912,79.4,Groceries,0,kroger,kroger,2,6,8,Groceries,0.7572,79.4,4.387014176184921,0.026,71.93,1.1038509662171556,1.1038509662171556,0.22343441123237986,False,False,15.1,
2026-02-08,NETFLIX.COM,19.62,Entertainment,0,netflix com,netflix,2,6,8,Entertainment,0.8948,19.62,3.026261478588814,0.022,19.62,1.0,1.0,0.0,False,False,7.6,
2026-02-08,BEST BUY 882,61.74,Shopping,0,best buy,best buy,2,6,8,Shopping,0.8555,61.74,4.138999202762532,0.038,117.4,0.5258943781942078,1.0,0.0,False,False,2.9,
2026-02-09,WHOLE FOODS MARKET,71.1,Groceries,0,whole foods market,whole foods,2,0,9,Groceries,0.8276,71.1,4.278054044290903,0.048,77.685,0.9152346012743772,1.0,0.0,False,False,8.5,
2026-02-09,DUNKIN 349832,4.69,Dining,0,dunkin,dunkin,2,0,9,Dining,0.8728,4.69,1.7387102481382397,0.044,7.555,0.6207809397749835,1.0,0.0,False,False,17.9,
2026-02-09,COSTCO WHOLESALE,359.85,Groceries,1,costco wholesale,costco wholesale,2,0,9,Groceries,0.8857,359.85,5.888462359518282,0.06,107.98,3.3325615854787927,3.3325615854787927,4.680644374965422,True,True,80.4,amount is 3.3x this merchant's typical amount (median $107.98)
2026-02-09,DUNKIN 349832,7.79,Dining,0,dunkin,dunkin,2,0,9,Dining,0.8728,7.79,2.1736147116970854,0.044,7.555,1.0311052283256121,1.0311052283256121,0.0627743875156436,False,False,19.3,
2026-02-10,PANERA BREAD 2918,18.11,Dining,0,panera bread,panera bread,2,1,10,Dining,0.8521,18.11,2.950211758252182,0.046,18.11,1.0,1.0,0.0,False,False,6.5,
2026-02-10,WHOLE FOODS MARKET,69.31,Groceries,0,whole foods market,whole foods,2,1,10,Groceries,0.8276,69.31,4.25291403621107,0.048,77.685,0.8921928300186651,1.0,0.0,False,False,8.3,
2026-02-10,WHOLE FOODS MARKET,103.95,Groceries,0,whole foods market,whole foods,2,1,10,Groceries,0.8276,103.95,4.653484046266642,0.048,77.685,1.3380961575593744,1.3380961575593744,0.5745256947511845,False,False,22.3,
2026-02-10,DUNKIN 349832,3.01,Dining,0,dunkin,dunkin,2,1,10,Dining,0.8728,3.01,1.3887912413184778,0.044,7.555,0.3984116479152879,1.0,0.0,False,False,31.3,
2026-02-10,DISNEY PLUS,19.24,Entertainment,0,disney plus,disney plus,2,1,10,Entertainment,0.8426,19.24,3.0076608444192647,0.014,19.96,0.9639278557114227,1.0,0.0,False,False,17.6,
2026-02-11,STARBUCKS STORE 12931,13.18,Dining,0,starbucks store,starbucks,2,2,11,Dining,0.8092,13.18,2.6518325211039815,0.07,9.87,1.3353596757852078,1.3353596757852078,0.9112507811704209,False,False,38.7,
2026-02-12,TACO BELL 3982,10.96,Dining,0,taco bell,taco bell,2,3,12,Dining,0.861,10.96,2.481567748522486,0.036,12.05,0.9095435684647303,1.0,0.0,False,False,6.8,
2026-02-12,DUNKIN 349832,8.01,Dining,0,dunkin,dunkin,2,3,12,Dining,0.8728,8.01,2.1983350716202463,0.044,7.555,1.0602250165453342,1.0602250165453342,0.12154189923241618,False,False,20.7,
2026-02-12,SPEEDWAY 8912,113.34,Fuel,1,speedway,speedway,2,3,12,Fuel,0.8361,113.34,4.7391764658358255,0.024,44.185,2.565123910829467,2.565123910829467,3.292933884334906,True,True,66.3,amount is 2.6x this merchant's typical amount (median $44.19)
2026-02-13,BEST BUY 882,51.69,Shopping,0,best buy,best buy,2,4,13,Shopping,0.8555,51.69,3.9644256842211942,0.038,117.4,0.440289608177172,1.0,0.0,False,False,2.7,
2026-02-15,AMAZON MARKETPLACE,415.78,Shopping,1,amazon marketplace,amazon marketplace,2,6,15,Shopping,0.8586,415.78,6.032558504642943,0.034,69.9,5.948211731044348,5.948211731044348,6.93704620540484,True,True,88.3,amount is 5.9x this merchant's typical amount (median $69.90)
2026-02-15,WHOLE FOODS MARKET,113.09,Groceries,0,whole foods market,whole foods,2,6,15,Groceries,0.8276,113.09,4.736987610608278,0.048,77.685,1.455750788440497,1.455750788440497,0.774455824202006,False,False,23.4,
2026-02-15,EXXON 57291,51.9,Fuel,0,exxon,exxon,2,6,15,Fuel,0.8754,51.9,3.9684033388642534,0.014,59.83,0.86745779709176,1.0,0.0,False,False,19.4,
2026-02-15,KROGER #912,32.98,Groceries,0,kroger,kroger,2,6,15,Groceries,0.7572,32.98,3.525772116243786,0.026,71.93,0.45850132072848593,1.0,0.0,False,False,7.5,
2026-02-16,COSTCO WHOLESALE,56.52,Groceries,0,costco wholesale,costco wholesale,2,0,16,Groceries,0.8857,56.52,4.052132713412791,0.06,107.98,0.5234302648638637,1.0,0.0,False,False,14.8,
2026-02-17,SHELL OIL 88321,73.9,Fuel,0,shell oil,shell,2,1,17,Fuel,0.8847,73.9,4.316153890523174,0.028,55.515,1.3311717553814286,1.3311717553814286,1.072244929786183,False,False,19.0,
2026-02-17,CHIPOTLE 1432,20.28,Dining,0,chipotle,chipotle,2,1,17,Dining,0.8391,20.28,3.0577676644734435,0.044,15.82,1.281921618204804,1.281921618204804,0.7905988928424742,False,False,18.2,
2026-02-17,SHOPRITE #441,42.36,Groceries,0,shoprite,shoprite,2,1,17,Groceries,0.7574,42.36,3.769537357131391,0.034,89.38,0.47393152830610874,1.0,0.0,False,False,0.5,
2026-02-17,COSTCO WHOLESALE,164.55,Groceries,0,costco wholesale,costco wholesale,2,1,17,Groceries,0.8857,164.55,5.109273263993256,0.06,107.98,1.5238933135765884,1.5238933135765884,1.0512726894500892,False,False,37.2,
2026-02-17,CHEVRON 5812,70.37,Fuel,0,chevron,chevron,2,1,17,Fuel,0.9404,70.37,4.267877612982976,0.034,56.98,1.2349947349947352,1.2349947349947352,0.8828378562455149,False,False,13.1,
2026-02-17,MCDONALDS F3812,8.57,Dining,0,mcdonalds f,mcdonalds,2,1,17,Dining,0.8766,8.57,2.258633205464863,0.056,11.995000000000001,0.7144643601500625,1.0,0.0,False,False,13.1,
2026-02-18,CHEVRON 5812,39.2,Fuel,0,chevron,chevron,2,2,18,Fuel,0.9404,39.2,3.6938669956249757,0.034,56.98,0.6879606879606881,1.0,0.0,False,False,0.6,
2026-02-18,SHOPRITE #441,104.15,Groceries,0,shoprite,shoprite,2,2,18,Groceries,0.7574,104.15,4.655387902148709,0.034,89.38,1.1652494965316627,1.1652494965316627,0.3554130758997259,False,False,12.7,
2026-02-18,COSTCO WHOLESALE,144.55,Groceries,0,costco wholesale,costco wholesale,2,2,18,Groceries,0.8857,144.55,4.980519670191632,0.06,107.98,1.3386738284867568,1.3386738284867568,0.6796012418806746,False,False,31.8,
2026-02-18,NETFLIX.COM,21.16,Entertainment,0,netflix com,netflix,2,2,18,Entertainment,0.8948,21.16,3.098288861879083,0.022,19.62,1.0784913353720693,1.0784913353720693,0.5232755691471285,False,False,20.5,
2026-02-19,APPLE MUSIC,18.0,Entertainment,0,apple music,apple music,2,3,19,Entertainment,0.8728,18.0,2.9444389791664403,0.014,9.74,1.8480492813141682,1.8480492813141682,3.7643876170788344,True,False,70.3,
2026-02-19,ETSY.COM,13.7,Shopping,0,etsy com,etsy,2,3,19,Shopping,0.8857,13.7,2.6878474937846906,0.04,58.8,0.23299319727891157,1.0,0.0,False,False,6.7,
2026-02-20,CHEVRON 5812,74.87,Fuel,0,chevron,chevron,2,4,20,Fuel,0.9404,74.87,4.329021349349984,0.034,56.98,1.3139698139698142,1.3139698139698142,1.1795346712645451,False,False,17.2,
2026-02-20,SHELL OIL 88321,71.22,Fuel,0,shell oil,shell,2,4,20,Fuel,0.8847,71.22,4.279717015849312,0.028,55.515,1.2828965144555524,1.2828965144555524,0.9159427045032361,False,False,16.5,
2026-02-20,APPLE MUSIC,9.68,Entertainment,0,apple music,apple music,2,4,20,Entertainment,0.8728,9.68,2.3683728335320486,0.014,9.74,0.9938398357289527,1.0,0.0,False,False,24.6,
2026-02-20,SPOTIFY USA,16.72,Entertainment,0,spotify usa,spotify,2,4,20,Entertainment,0.8853,16.72,2.8746939451769347,0.022,16.63,1.005411906193626,1.005411906193626,0.03607937462417313,False,False,13.3,
2026-02-20,COSTCO WHOLESALE,75.34,Groceries,0,costco wholesale,costco wholesale,2,4,20,Groceries,0.8857,75.34,4.3351970473170836,0.06,107.98,0.697721800333395,1.0,0.0,False,False,15.2,
2026-02-21,AMZN MKTP US,90.57,Shopping,0,amzn mktp us,amazon,2,5,21,Shopping,0.8063,90.57,4.517103707119641,0.034,90.57,1.0,1.0,0.0,False,False,3.3,
2026-02-21,CHIPOTLE 1432,18.53,Dining,0,chipotle,chipotle,2,5,21,Dining,0.8391,18.53,2.9719517448885875,0.044,15.82,1.1713021491782554,1.1713021491782554,0.4803863227809653,False,False,16.8,
2026-02-21,MCDONALDS F3812,6.3,Dining,0,mcdonalds f,mcdonalds,2,5,21,Dining,0.8766,6.3,1.9878743481543455,0.056,11.995000000000001,0.5252188411838266,1.0,0.0,False,False,20.4,
2026-02-22,TARGET STORE 1192,135.98,Shopping,0,target store,target,2,6,22,Shopping,0.8032,135.98,4.919834929769759,0.034,84.47,1.6098022966733752,1.6098022966733752,0.9602824494372417,False,False,24.8,
2026-02-22,EBAY COMMERCE,26.39,Shopping,0,ebay commerce,ebay commerce,2,6,22,Shopping,0.8827,26.39,3.3101779832749867,0.03,93.2,0.28315450643776824,1.0,0.0,False,False,6.1,
2026-02-22,SHOPRITE #441,47.74,Groceries,0,shoprite,shoprite,2,6,22,Groceries,0.7574,47.74,3.8865000481970604,0.034,89.38,0.534123965092862,1.0,0.0,False,False,0.5,
2026-02-22,SPEEDWAY 8912,47.78,Fuel,0,speedway,speedway,2,6,22,Fuel,0.8361,47.78,3.887320392787774,0.024,44.185,1.081362453321263,1.081362453321263,0.171182088268151,False,False,17.8,
2026-02-22,NETFLIX.COM,20.88,Entertainment,0,netflix com,netflix,2,6,22,Entertainment,0.8948,20.88,3.0855729775537806,0.022,19.62,1.0642201834862384,1.0642201834862384,0.4281345565749229,False,False,20.1,
2026-02-22,TARGET STORE 1192,129.82,Shopping,0,target store,target,2,6,22,Shopping,0.8032,129.82,4.8738223325330665,0.034,84.47,1.5368769977506807,1.5368769977506807,0.8454437794987171,False,False,19.8,
2026-02-23,BEST BUY 882,203.03,Shopping,0,best buy,best buy,2,0,23,Shopping,0.8555,203.03,5.318267041855657,0.038,117.4,1.7293867120954003,1.7293867120954003,1.146647681834045,False,False,38.5,
2026-02-23,CHIPOTLE 1432,16.58,Dining,0,chipotle,chipotle,2,0,23,Dining,0.8391,16.58,2.866761892257031,0.044,15.82,1.048040455120101,1.048040455120101,0.13472088756956924,False,False,13.9,
2026-02-23,HULU,23.46,Entertainment,0,hulu,hulu,2,0,23,Entertainment,0.907,23.46,3.1970391302590264,0.02,17.52,1.339041095890411,1.339041095890411,1.265868913520056,False,False,30.4,
2026-02-23,WHOLE FOODS MARKET,40.09,Groceries,0,whole foods market,whole foods,2,0,23,Groceries,0.8276,40.09,3.7157647828953184,0.048,77.685,0.5160584411405034,1.0,0.0,False,False,8.1,
2026-02-23,MCDONALDS F3812,18.99,Dining,0,mcdonalds f,mcdonalds,2,0,23,Dining,0.8766,18.99,2.995232148512309,0.056,11.995000000000001,1.5831596498541056,1.5831596498541056,1.276877635328493,False,False,36.3,
2026-02-24,EBAY COMMERCE,96.01,Shopping,0,ebay commerce,ebay commerce,2,1,24,Shopping,0.8827,96.01,4.574814065973192,0.03,93.2,1.0301502145922747,1.0301502145922747,0.07670251048681645,False,False,13.0,
2026-02-24,SHELL OIL 88321,42.38,Fuel,0,shell oil,shell,2,1,24,Fuel,0.8847,42.38,3.7699985053987284,0.028,55.515,0.7633972800144105,1.0,0.0,False,False,5.3,
2026-02-25,ALDI #128,65.99,Groceries,0,aldi,aldi,2,2,25,Groceries,0.7881,65.99,4.204543354520176,0.03,68.7,0.9605531295487626,1.0,0.0,False,False,3.1,
2026-02-25,STARBUCKS STORE 12931,14.11,Dining,0,starbucks store,starbucks,2,2,25,Dining,0.8092,14.11,2.715356776284648,0.07,9.87,1.4295845997973657,1.4295845997973657,1.1672819674207204,False,False,44.5,
2026-02-25,MOBIL 29182,54.12,Fuel,0,mobil,mobil,2,2,25,Fuel,0.8379,54.12,4.009512626705403,0.032,55.785,0.97015326700726,1.0,0.0,False,False,1.6,
2026-02-25,ETSY.COM,96.3,Shopping,0,etsy com,etsy,2,2,25,Shopping,0.8857,96.3,4.577798989191959,0.04,58.8,1.6377551020408163,1.6377551020408163,1.1281625102753041,False,False,25.2,
2026-02-26,BEST BUY 882,123.1,Shopping,0,best buy,best buy,2,3,26,Shopping,0.8555,123.1,4.821087692210561,0.038,117.4,1.0485519591141397,1.0485519591141397,0.07632712584904873,False,False,17.2,
2026-02-26,AMAZON MARKETPLACE,106.7,Shopping,0,amazon marketplace,amazon marketplace,2,3,26,Shopping,0.8586,106.7,4.679349584162343,0.034,69.9,1.5264663805436336,1.5264663805436336,0.7380689845001102,False,False,17.7,
2026-02-26,CHEVRON 5812,39.0,Fuel,0,chevron,chevron,2,3,26,Fuel,0.9404,39.0,3.6888794541139363,0.034,56.98,0.6844506844506845,1.0,0.0,False,False,0.6,
2026-02-26,PANERA BREAD 2918,19.78,Dining,0,panera bread,panera bread,2,3,26,Dining,0.8521,19.78,3.0339909856710814,0.046,18.11,1.0922142462727775,1.0922142462727775,0.3199998773653168,False,False,15.3,
2026-02-26,NETFLIX.COM,16.15,Entertainment,0,netflix com,netflix,2,3,26,Entertainment,0.8948,16.15,2.8419981736119486,0.022,19.62,0.8231396534148827,1.0,0.0,False,False,7.7,
2026-02-27,ALDI #128,28.27,Groceries,0,aldi,aldi,2,4,27,Groceries,0.7881,28.27,3.3765631007037946,0.03,68.7,0.4114992721979621,1.0,0.0,False,False,5.2,
2026-02-28,DUNKIN 349832,10.51,Dining,0,dunkin,dunkin,2,5,28,Dining,0.8728,10.51,2.4432162227337915,0.044,7.555,1.3911317008603574,1.3911317008603574,0.7893545323775599,False,False,28.9,
2026-02-28,MCDONALDS F3812,14.85,Dining,0,mcdonalds f,mcdonalds,2,5,28,Dining,0.8766,14.85,2.7631695003232895,0.056,11.995000000000001,1.2380158399333054,1.2380158399333054,0.5211559183506571,False,False,28.1,
2026-02-28,STARBUCKS STORE 12931,9.87,Dining,0,starbucks store,starbucks,2,5,28,Dining,0.8092,9.87,2.386006701133118,0.07,9.87,1.0,1.0,0.0,False,False,22.6,
2026-03-02,BEST BUY 882,85.49,Shopping,0,best buy,best buy,3,0,2,Shopping,0.8555,85.49,4.460028800318421,0.038,117.4,0.7281942078364565,1.0,0.0,False,False,5.2,
2026-03-02,AMZN MKTP US,70.99,Shopping,0,amzn mktp us,amazon,3,0,2,Shopping,0.8063,70.99,4.276527220481212,0.034,90.57,0.7838136248205808,1.0,0.0,False,False,0.7,
2026-03-02,PANERA BREAD 2918,22.22,Dining,0,panera bread,panera bread,3,0,2,Dining,0.8521,22.22,3.1450139762697455,0.046,18.11,1.2269464384318056,1.2269464384318056,0.787544608366138,False,False,20.5,
2026-03-02,STARBUCKS STORE 12931,11.95,Dining,0,starbucks store,starbucks,3,0,2,Dining,0.8092,11.95,2.5610957881455465,0.07,9.87,1.210739614994934,1.210739614994934,0.5726288896780892,False,False,35.8,
2026-03-02,KROGER #912,80.1,Groceries,0,kroger,kroger,3,0,2,Groceries,0.7572,80.1,4.395682961121367,0.026,71.93,1.113582649798415,1.113582649798415,0.2443720401296574,False,False,15.6,
2026-03-03,MAX STREAMING,23.88,Entertainment,0,max streaming,max streaming,3,1,3,Entertainment,0.9204,23.88,3.2140642678709788,0.022,16.68,1.4316546762589928,1.4316546762589928,0.8960024849135582,False,False,27.5,
2026-03-03,BEST BUY 882,21.73,Shopping,0,best buy,best buy,3,1,3,Shopping,0.8555,21.73,3.123685637864452,0.038,117.4,0.18509369676320273,1.0,0.0,False,False,6.2,
2026-03-04,BEST BUY 882,117.4,Shopping,0,best buy,best buy,3,2,4,Shopping,0.8555,117.4,4.774068722449905,0.038,117.4,1.0,1.0,0.0,False,False,12.3,
2026-03-04,ALDI #128,74.25,Groceries,0,aldi,aldi,3,2,4,Groceries,0.7881,74.25,4.3208159036289855,0.03,68.7,1.0807860262008733,1.0807860262008733,0.2012593395212421,False,False,11.0,
2026-03-04,HULU,15.08,Entertainment,0,hulu,hulu,3,2,4,Entertainment,0.907,15.08,2.77757626375082,0.02,17.52,0.860730593607306,1.0,0.0,False,False,12.6,
2026-03-04,MCDONALDS F3812,8.45,Dining,0,mcdonalds f,mcdonalds,3,2,4,Dining,0.8766,8.45,2.2460147415056513,0.056,11.995000000000001,0.7044601917465609,1.0,0.0,False,False,13.3,
2026-03-04,STARBUCKS STORE 12931,4.59,Dining,0,starbucks store,starbucks,3,2,4,Dining,0.8092,4.59,1.7209792871670078,0.07,9.87,0.4650455927051672,1.0,0.0,False,False,35.2,
2026-03-05,AMAZON MARKETPLACE,31.95,Shopping,0,amazon marketplace,amazon marketplace,3,3,5,Shopping,0.8586,31.95,3.4949912609485163,0.034,69.9,0.45708154506437765,1.0,0.0,False,False,2.3,
2026-03-05,HULU,14.81,Entertainment,0,hulu,hulu,3,3,5,Entertainment,0.907,14.81,2.7606426512213806,0.02,17.52,0.8453196347031964,1.0,0.0,False,False,13.1,
2026-03-06,BP GAS STATION 2281,55.3,Fuel,0,bp gas station,bp,3,4,6,Fuel,0.8547,55.3,4.030694535145645,0.018,49.95,1.107107107107107,1.107107107107107,0.5673782332075127,False,False,28.0,
2026-03-06,DISNEY PLUS,24.83,Entertainment,0,disney plus,disney plus,3,4,6,Entertainment,0.8426,24.83,3.251536607107749,0.014,19.96,1.2439879759519037,1.2439879759519037,1.6265865063460243,False,False,44.9,
2026-03-06,EBAY COMMERCE,93.2,Shopping,0,ebay commerce,ebay commerce,3,4,6,Shopping,0.8827,93.2,4.545420181582317,0.03,93.2,1.0,1.0,0.0,False,False,7.4,
2026-03-06,TACO BELL 3982,5.41,Dining,0,taco bell,taco bell,3,4,6,Dining,0.861,5.41,1.8578592709325787,0.036,12.05,0.4489626556016597,1.0,0.0,False,False,20.7,
2026-03-06,ETSY.COM,19.66,Shopping,0,etsy com,etsy,3,4,6,Shopping,0.8857,19.66,3.0281994636914926,0.04,58.8,0.33435374149659863,1.0,0.0,False,False,5.6,
2026-03-06,TACO BELL 3982,11.79,Dining,0,taco bell,taco bell,3,4,6,Dining,0.861,11.79,2.548663615590751,0.036,12.05,0.9784232365145227,1.0,0.0,False,False,6.4,
2026-03-07,TARGET STORE 1192,44.81,Shopping,0,target store,target,3,5,7,Shopping,0.8032,44.81,3.8245024078986507,0.034,84.47,0.5304841955723926,1.0,0.0,False,False,0.5,
2026-03-07,WHOLE FOODS MARKET,41.36,Groceries,0,whole foods market,whole foods,3,5,7,Groceries,0.8276,41.36,3.7462045207332055,0.048,77.685,0.5324065134839415,1.0,0.0,False,False,8.0,
2026-03-08,MOBIL 29182,51.0,Fuel,0,mobil,mobil,3,6,8,Fuel,0.8379,51.0,3.9512437185814275,0.032,55.785,0.9142242538316753,1.0,0.0,False,False,1.7,
2026-03-08,MOBIL 29182,70.98,Fuel,0,mobil,mobil,3,6,8,Fuel,0.8379,70.98,4.276388302650885,0.032,55.785,1.2723850497445552,1.2723850497445552,0.9081867160165593,False,False,14.0,
2026-03-08,CHIPOTLE 1432,17.67,Dining,0,chipotle,chipotle,3,6,8,Dining,0.8391,17.67,2.9269179575536315,0.044,15.82,1.1169405815423517,1.1169405815423517,0.32793900263645254,False,False,15.0,
2026-03-09,EXXON 57291,61.27,Fuel,0,exxon,exxon,3,0,9,Fuel,0.8754,61.27,4.13147976888436,0.014,59.83,1.0240681932141067,1.0240681932141067,0.12248003702979829,False,False,31.0,
2026-03-09,ETSY.COM,58.79,Shopping,0,etsy com,etsy,3,0,9,Shopping,0.8857,58.79,4.090838422892813,0.04,58.8,0.9998299319727891,1.0,0.0,False,False,3.5,
2026-03-10,BP GAS STATION 2281,43.59,Fuel,0,bp gas station,bp,3,1,10,Fuel,0.8547,43.59,3.7975096186393853,0.018,49.95,0.8726726726726727,1.0,0.0,False,False,14.6,
2026-03-10,PANERA BREAD 2918,16.93,Dining,0,panera bread,panera bread,3,1,10,Dining,0.8521,16.93,2.8864752876170416,0.046,18.11,0.9348426283821093,1.0,0.0,False,False,6.5,
2026-03-11,COSTCO WHOLESALE,118.77,Groceries,0,costco wholesale,costco wholesale,3,2,11,Groceries,0.8857,118.77,4.785573236959415,0.06,107.98,1.099925912205964,1.099925912205964,0.20051674596369898,False,False,29.5,
2026-03-11,COSTCO WHOLESALE,97.19,Groceries,0,costco wholesale,costco wholesale,3,2,11,Groceries,0.8857,97.19,4.586904377181199,0.06,107.98,0.9000740877940359,1.0,0.0,False,False,17.3,
2026-03-11,APPLE MUSIC,9.68,Entertainment,0,apple music,apple music,3,2,11,Entertainment,0.8728,9.68,2.3683728335320486,0.014,9.74,0.9938398357289527,1.0,0.0,False,False,24.6,
2026-03-11,SPOTIFY USA,14.14,Entertainment,0,spotify usa,spotify,3,2,11,Entertainment,0.8853,14.14,2.717340248009303,0.022,16.63,0.8502705953096814,1.0,0.0,False,False,9.8,
2026-03-11,EXXON 57291,34.46,Fuel,0,exxon,exxon,3,2,11,Fuel,0.8754,34.46,3.5684053006460617,0.014,59.83,0.5759652348320241,1.0,0.0,False,False,19.3,
2026-03-12,COSTCO WHOLESALE,122.36,Groceries,0,costco wholesale,costco wholesale,3,3,12,Groceries,0.8857,122.36,4.815106909815019,0.06,107.98,1.1331728097795888,1.1331728097795888,0.26723177080240895,False,False,31.5,
2026-03-12,WHOLE FOODS MARKET,119.77,Groceries,0,whole foods market,whole foods,3,3,12,Groceries,0.8276,119.77,4.793887910287284,0.048,77.685,1.5417390744674002,1.5417390744674002,0.9205754374111401,False,False,25.7,
2026-03-13,SHOPRITE #441,89.38,Groceries,0,shoprite,shoprite,3,4,13,Groceries,0.7574,89.38,4.504023003983134,0.034,89.38,1.0,1.0,0.0,False,False,3.5,
2026-03-13,MCDONALDS F3812,12.13,Dining,0,mcdonalds f,mcdonalds,3,4,13,Dining,0.8766,12.13,2.574899688314705,0.056,11.995000000000001,1.0112546894539391,1.0112546894539391,0.024643099466668525,False,False,20.1,
2026-03-14,SPOTIFY USA,16.38,Entertainment,0,spotify usa,spotify,3,5,14,Entertainment,0.8853,16.38,2.8553201198372458,0.022,16.63,0.9849669272399278,1.0,0.0,False,False,7.5,
2026-03-14,STARBUCKS STORE 12931,5.45,Dining,0,starbucks store,starbucks,3,5,14,Dining,0.8092,5.45,1.864080130807681,0.07,9.87,0.552178318135765,1.0,0.0,False,False,29.1,
2026-03-15,AMZN MKTP US,16.41,Shopping,0,amzn mktp us,amazon,3,6,15,Shopping,0.8063,16.41,2.8570447537800976,0.034,90.57,0.1811858231202385,1.0,0.0,False,False,4.8,
2026-03-15,TACO BELL 3982,13.08,Dining,0,taco bell,taco bell,3,6,15,Dining,0.861,13.08,2.644755350729896,0.036,12.05,1.0854771784232364,1.0854771784232364,0.2988066590369429,False,False,17.8,
2026-03-16,ETSY.COM,143.24,Shopping,1,etsy com,etsy,3,0,16,Shopping,0.8857,143.24,4.971478578895062,0.04,58.8,2.436054421768708,2.436054421768708,2.540321129803912,True,True,58.3,amount is 2.4x this merchant's typical amount (median $58.80)
2026-03-16,TACO BELL 3982,9.19,Dining,0,taco bell,taco bell,3,0,16,Dining,0.861,9.19,2.321406847234633,0.036,12.05,0.762655601659751,1.0,0.0,False,False,9.5,
2026-03-16,STARBUCKS STORE 12931,5.57,Dining,0,starbucks store,starbucks,3,0,16,Dining,0.8092,5.57,1.8825138324965192,0.07,9.87,0.5643363728470112,1.0,0.0,False,False,28.7,
2026-03-16,KROGER #912,94.48,Groceries,0,kroger,kroger,3,0,16,Groceries,0.7572,94.48,4.558916801470629,0.026,71.93,1.3134992353677186,1.3134992353677186,0.6744907594765952,False,False,17.9,
2026-03-17,STARBUCKS STORE 12931,5.77,Dining,0,starbucks store,starbucks,3,1,17,Dining,0.8092,5.77,1.9125010869241836,0.07,9.87,0.5845997973657548,1.0,0.0,False,False,28.7,
2026-03-17,ALDI #128,38.93,Groceries,0,aldi,aldi,3,1,17,Groceries,0.7881,38.93,3.6871279210751298,0.03,68.7,0.5666666666666667,1.0,0.0,False,False,3.0,
2026-03-17,STARBUCKS STORE 12931,10.28,Dining,0,starbucks store,starbucks,3,1,17,Dining,0.8092,10.28,2.423031246069913,0.07,9.87,1.0415400202634246,1.0415400202634246,0.11287396383077723,False,False,35.0,
2026-03-18,CHIPOTLE 1432,10.73,Dining,0,chipotle,chipotle,3,2,18,Dining,0.8391,10.73,2.462149662665384,0.044,15.82,0.6782553729456384,1.0,0.0,False,False,5.6,
2026-03-18,CHIPOTLE 1432,8.51,Dining,0,chipotle,chipotle,3,2,18,Dining,0.8391,8.51,2.252343876557299,0.044,15.82,0.5379266750948166,1.0,0.0,False,False,7.9,
2026-03-18,EBAY COMMERCE,95.51,Shopping,0,ebay commerce,ebay commerce,3,2,18,Shopping,0.8827,95.51,4.569646629919045,0.03,93.2,1.024785407725322,1.024785407725322,0.06305437694823703,False,False,13.1,
2026-03-19,CHEVRON 5812,67.21,Fuel,0,chevron,chevron,3,3,19,Fuel,0.9404,67.21,4.222591181666628,0.034,56.98,1.1795366795366795,1.1795366795366795,0.6744907594765952,False,False,11.3,
2026-03-19,TRADER JOES #551,28.84,Groceries,0,trader joes,trader joes,3,3,19,Groceries,0.8246,28.84,3.3958497753355603,0.032,72.02,0.4004443210219384,1.0,0.0,False,False,4.5,
2026-03-19,STARBUCKS STORE 12931,10.45,Dining,0,starbucks store,starbucks,3,3,19,Dining,0.8092,10.45,2.4379897300002487,0.07,9.87,1.0587639311043566,1.0587639311043566,0.15967536346792874,False,False,34.8,
2026-03-19,COSTCO WHOLESALE,171.05,Groceries,0,costco wholesale,costco wholesale,3,3,19,Groceries,0.8857,171.05,5.14778513224349,0.06,107.98,1.5840896462307836,1.5840896462307836,1.172065909910149,False,False,40.4,
2026-03-20,MCDONALDS F3812,124.76,Dining,1,mcdonalds f,mcdonalds,3,4,20,Dining,0.8766,124.76,4.834375328680896,0.056,11.995000000000001,10.40100041684035,10.40100041684035,20.0,True,True,99.2,amount is 10.4x this merchant's typical amount (median $12.00)
2026-03-21,KROGER #912,63.16,Groceries,0,kroger,kroger,3,5,21,Groceries,0.7572,63.16,4.161379963558259,0.026,71.93,0.8780759071319337,1.0,0.0,False,False,7.3,
2026-03-23,MCDONALDS F3812,15.84,Dining,0,mcdonalds f,mcdonalds,3,0,23,Dining,0.8766,15.84,2.8237570088141806,0.056,11.995000000000001,1.3205502292621925,1.3205502292621925,0.7018719811062266,False,False,27.2,
2026-03-24,ETSY.COM,85.32,Shopping,0,etsy com,etsy,3,1,24,Shopping,0.8857,85.32,4.458061320949879,0.04,58.8,1.4510204081632652,1.4510204081632652,0.7978365272666951,False,False,18.0,
2026-03-24,STARBUCKS STORE 12931,11.42,Dining,0,starbucks store,starbucks,3,1,24,Dining,0.8092,11.42,2.519308076505333,0.07,9.87,1.1570415400202636,1.1570415400202636,0.42671864375049934,False,False,38.5,
2026-03-24,DUNKIN 349832,13.61,Dining,0,dunkin,dunkin,3,1,24,Dining,0.8728,13.61,2.681706225762608,0.044,7.555,1.801455989410986,1.801455989410986,1.6174421974775381,True,False,47.5,
2026-03-25,SPEEDWAY 8912,58.06,Fuel,0,speedway,speedway,3,2,25,Fuel,0.8361,58.06,4.078553876315777,0.024,44.185,1.3140205952246238,1.3140205952246238,0.660681912300583,False,False,20.8,
2026-03-25,TACO BELL 3982,13.6,Dining,0,taco bell,taco bell,3,2,25,Dining,0.861,13.6,2.681021528714291,0.036,12.05,1.1286307053941909,1.1286307053941909,0.44966050631772964,False,False,20.0,
2026-03-25,STARBUCKS STORE 12931,9.39,Dining,0,starbucks store,starbucks,3,2,25,Dining,0.8092,9.39,2.340843805111136,0.07,9.87,0.9513677811550153,1.0,0.0,False,False,22.0,
2026-03-26,TARGET STORE 1192,76.9,Shopping,0,target store,target,3,3,26,Shopping,0.8032,76.9,4.355425952876702,0.034,84.47,0.9103823842784421,1.0,0.0,False,False,1.5,
2026-03-27,CHEVRON 5812,70.63,Fuel,0,chevron,chevron,3,4,27,Fuel,0.9404,70.63,4.27151398062636,0.034,56.98,1.2395577395577395,1.2395577395577395,0.8999803388910583,False,False,13.1,
2026-03-27,WHOLE FOODS MARKET,99.33,Groceries,0,whole foods market,whole foods,3,4,27,Groceries,0.8276,99.33,4.608464752937522,0.048,77.685,1.278625217223402,1.278625217223402,0.4734669203460646,False,False,21.1,
2026-03-27,BEST BUY 882,152.94,Shopping,0,best buy,best buy,3,4,27,Shopping,0.8555,152.94,5.036562916106171,0.038,117.4,1.3027257240204428,1.3027257240204428,0.4759063250307363,False,False,23.2,
2026-03-27,SHOPRITE #441,122.25,Groceries,0,shoprite,shoprite,3,4,27,Groceries,0.7574,122.25,4.814214812922799,0.034,89.38,1.3677556500335646,1.3677556500335646,0.7909565202995251,False,False,15.0,
2026-03-27,MAX STREAMING,10.46,Entertainment,0,max streaming,max streaming,3,4,27,Entertainment,0.9204,10.46,2.4388627112865935,0.022,16.68,0.6270983213429258,1.0,0.0,False,False,14.4,
2026-03-27,CHIPOTLE 1432,15.27,Dining,0,chipotle,chipotle,3,4,27,Dining,0.8391,15.27,2.7893229212309465,0.044,15.82,0.9652338811630846,1.0,0.0,False,False,5.7,
2026-03-27,COSTCO WHOLESALE,108.4,Groceries,0,costco wholesale,costco wholesale,3,4,27,Groceries,0.8857,108.4,4.695010889987881,0.06,107.98,1.0038896091868865,1.0038896091868865,0.007805100398957737,False,False,24.5,
2026-03-28,BP GAS STATION 2281,60.94,Fuel,0,bp gas station,bp,3,5,28,Fuel,0.8547,60.94,4.126166174545057,0.018,49.95,1.22002002002002,1.22002002002002,1.1655115482150595,False,False,32.3,
2026-03-28,TRADER JOES #551,75.87,Groceries,0,trader joes,trader joes,3,5,28,Groceries,0.8246,75.87,4.34211568336104,0.032,72.02,1.0534573729519578,1.0534573729519578,0.12097784411762857,False,False,8.8,
2026-03-28,PANERA BREAD 2918,17.85,Dining,0,panera bread,panera bread,3,5,28,Dining,0.8521,17.85,2.93651291389402,0.046,18.11,0.9856432909994479,1.0,0.0,False,False,6.5,
2026-03-28,STARBUCKS STORE 12931,12.55,Dining,0,starbucks store,starbucks,3,5,28,Dining,0.8092,12.55,2.60638654732571,0.07,9.87,1.2715298885511652,1.2715298885511652,0.7378103001621538,False,False,34.9,
2026-03-28,AMAZON MARKETPLACE,25.83,Shopping,0,amazon marketplace,amazon marketplace,3,5,28,Shopping,0.8586,25.83,3.2895206644375325,0.034,69.9,0.3695278969957081,1.0,0.0,False,False,4.0,
2026-03-29,ALDI #128,32.61,Groceries,0,aldi,aldi,3,6,29,Groceries,0.7881,32.61,3.5148236417370144,0.03,68.7,0.4746724890829694,1.0,0.0,False,False,4.5,
2026-03-29,KROGER #912,35.1,Groceries,0,kroger,kroger,3,6,29,Groceries,0.7572,35.1,3.586292865338835,0.026,71.93,0.48797441957458637,1.0,0.0,False,False,7.5,
2026-03-29,NETFLIX.COM,20.64,Entertainment,0,netflix com,netflix,3,6,29,Entertainment,0.8948,20.64,3.074543453978281,0.022,19.62,1.0519877675840978,1.0519877675840978,0.3465851172273189,False,False,19.1,
2026-03-29,EXXON 57291,67.45,Fuel,0,exxon,exxon,3,6,29,Fuel,0.8754,67.45,4.226103551734458,0.014,59.83,1.127360855757981,1.127360855757981,0.6481235292826808,False,False,33.8,
2026-03-29,CHEVRON 5812,65.43,Fuel,0,chevron,chevron,3,6,29,Fuel,0.9404,65.43,4.19614876167715,0.034,56.98,1.1482976482976486,1.1482976482976486,0.5571306859801797,False,False,11.1,
2026-03-30,AMZN MKTP US,97.91,Shopping,0,amzn mktp us,amazon,3,0,30,Shopping,0.8063,97.91,4.594210345751749,0.034,90.57,1.081042287733245,1.081042287733245,0.20653993218849442,False,False,9.2,
2026-03-30,ALDI #128,68.7,Groceries,0,aldi,aldi,3,0,30,Groceries,0.7881,68.7,4.244200317766478,0.03,68.7,1.0,1.0,0.0,False,False,3.1,
2026-03-30,AMAZON MARKETPLACE,69.9,Shopping,0,amazon marketplace,amazon marketplace,3,0,30,Shopping,0.8586,69.9,4.2612704335380815,0.034,69.9,1.0,1.0,0.0,False,False,0.6,
2026-03-30,AMAZON MARKETPLACE,60.73,Shopping,0,amazon marketplace,amazon marketplace,3,0,30,Shopping,0.8586,60.73,4.122770036405805,0.034,69.9,0.8688125894134476,1.0,0.0,False,False,0.3,
2026-03-31,STARBUCKS STORE 12931,6.67,Dining,0,starbucks store,starbucks,3,1,31,Dining,0.8092,6.67,2.0373166153791646,0.07,9.87,0.6757852077001013,1.0,0.0,False,False,25.6,
2026-03-31,TACO BELL 3982,34.96,Dining,1,taco bell,taco bell,3,1,31,Dining,0.861,34.96,3.5824072096034194,0.036,12.05,2.901244813278008,2.901244813278008,6.646272386928511,True,True,76.5,amount is 2.9x this merchant's typical amount (median $12.05)
2026-04-01,SPEEDWAY 8912,64.54,Fuel,0,speedway,speedway,4,2,1,Fuel,0.8361,64.54,4.182660643270669,0.024,44.185,1.4606767002376373,1.4606767002376373,0.9692382216128554,False,False,25.4,
2026-04-01,KROGER #912,83.54,Groceries,0,kroger,kroger,4,2,1,Groceries,0.7572,83.54,4.437224795138644,0.026,71.93,1.1614069233977478,1.1614069233977478,0.3472655307105663,False,False,16.6,
2026-04-02,DUNKIN 349832,4.9,Dining,0,dunkin,dunkin,4,3,2,Dining,0.8728,4.9,1.7749523509116738,0.044,7.555,0.6485771012574455,1.0,0.0,False,False,17.0,
2026-04-03,BP GAS STATION 2281,48.37,Fuel,0,bp gas station,bp,4,4,3,Fuel,0.8547,48.37,3.8993429522707714,0.018,49.95,0.9683683683683683,1.0,0.0,False,False,14.9,
2026-04-03,MCDONALDS F3812,7.36,Dining,0,mcdonalds f,mcdonalds,4,4,3,Dining,0.8766,7.36,2.1234584270966104,0.056,11.995000000000001,0.6135889954147561,1.0,0.0,False,False,15.8,
2026-04-03,ETSY.COM,57.78,Shopping,0,etsy com,etsy,4,4,3,Shopping,0.8857,57.78,4.073801660990771,0.04,58.8,0.9826530612244898,1.0,0.0,False,False,3.6,
2026-04-03,APPLE MUSIC,13.04,Entertainment,0,apple music,apple music,4,4,3,Entertainment,0.8728,13.04,2.641910398597665,0.014,9.74,1.3388090349075974,1.3388090349075974,1.5039320988329479,True,False,48.2,
2026-04-03,PANERA BREAD 2918,20.2,Dining,0,panera bread,panera bread,4,4,3,Dining,0.8521,20.2,3.054001181677967,0.046,18.11,1.1154058531198232,1.1154058531198232,0.4004788884392284,False,False,17.6,
2026-04-03,TACO BELL 3982,15.33,Dining,0,taco bell,taco bell,4,4,3,Dining,0.861,15.33,2.7930039069823738,0.036,12.05,1.2721991701244812,1.2721991701244812,0.951539652078809,False,False,23.0,
2026-04-04,SPOTIFY USA,16.63,Entertainment,0,spotify usa,spotify,4,5,4,Entertainment,0.8853,16.63,2.869601996409779,0.022,16.63,1.0,1.0,0.0,False,False,7.7,
2026-04-04,BEST BUY 882,216.27,Shopping,0,best buy,best buy,4,5,4,Shopping,0.8555,216.27,5.3811408197471495,0.038,117.4,1.8421635434412267,1.8421635434412267,1.3239408653851692,True,False,47.1,
2026-04-04,HULU,18.86,Entertainment,0,hulu,hulu,4,5,4,Entertainment,0.907,18.86,2.9887076586170265,0.02,17.52,1.07648401826484,1.07648401826484,0.2855663878984637,False,False,22.7,
2026-04-04,COSTCO WHOLESALE,93.0,Groceries,0,costco wholesale,costco wholesale,4,5,4,Groceries,0.8857,93.0,4.543294782270004,0.06,107.98,0.8612706056677162,1.0,0.0,False,False,17.1,
2026-04-07,PANERA BREAD 2918,17.17,Dining,0,panera bread,panera bread,4,1,7,Dining,0.8521,17.17,2.89977188240808,0.046,18.11,0.9480949751518499,1.0,0.0,False,False,6.4,
2026-04-07,ETSY.COM,76.47,Shopping,0,etsy com,etsy,4,1,7,Shopping,0.8857,76.47,4.349890764643811,0.04,58.8,1.3005102040816328,1.3005102040816328,0.5315901748417234,False,False,15.1,
2026-04-07,CHIPOTLE 1432,9.14,Dining,0,chipotle,chipotle,4,1,7,Dining,0.8391,9.14,2.316487998163037,0.044,15.82,0.5777496839443742,1.0,0.0,False,False,7.6,
2026-04-08,WHOLE FOODS MARKET,54.11,Groceries,0,whole foods market,whole foods,4,2,8,Groceries,0.8276,54.11,4.009331187895144,0.048,77.685,0.6965308618137349,1.0,0.0,False,False,7.8,
2026-04-08,TACO BELL 3982,10.26,Dining,0,taco bell,taco bell,4,2,8,Dining,0.861,10.26,2.421256622711544,0.036,12.05,0.8514522821576763,1.0,0.0,False,False,7.6,
2026-04-08,ALDI #128,94.14,Groceries,0,aldi,aldi,4,2,8,Groceries,0.7881,94.14,4.555349491004136,0.03,68.7,1.3703056768558952,1.3703056768558952,0.9225292968325046,False,False,15.8,
2026-04-08,MCDONALDS F3812,11.13,Dining,0,mcdonalds f,mcdonalds,4,2,8,Dining,0.8766,11.13,2.495681722955959,0.056,11.995000000000001,0.9278866194247603,1.0,0.0,False,False,11.7,
2026-04-09,BEST BUY 882,43.25,Shopping,0,best buy,best buy,4,3,9,Shopping,0.8555,43.25,3.7898553714539385,0.038,117.4,0.36839863713798976,1.0,0.0,False,False,3.2,
2026-04-10,EBAY COMMERCE,117.91,Shopping,0,ebay commerce,ebay commerce,4,4,10,Shopping,0.8827,117.91,4.778366904449488,0.03,93.2,1.2651287553648067,1.2651287553648067,0.6744907594765952,False,False,16.7,
2026-04-10,TRADER JOES #551,83.29,Groceries,0,trader joes,trader joes,4,4,10,Groceries,0.8246,83.29,4.434263234009391,0.032,72.02,1.156484309913913,1.156484309913913,0.354135143689785,False,False,11.8,
2026-04-11,NETFLIX.COM,17.71,Entertainment,0,netflix com,netflix,4,5,11,Entertainment,0.8948,17.71,2.9290581402859983,0.022,19.62,0.9026503567787971,1.0,0.0,False,False,7.9,
2026-04-11,COSTCO WHOLESALE,434.13,Groceries,1,costco wholesale,costco wholesale,4,5,11,Groceries,0.8857,434.13,6.075644837016458,0.06,107.98,4.0204667531024265,4.0204667531024265,6.061032131238227,True,True,85.5,amount is 4.0x this merchant's typical amount (median $107.98)
2026-04-11,MOBIL 29182,58.84,Fuel,0,mobil,mobil,4,5,11,Fuel,0.8379,58.84,4.091674333666222,0.032,55.785,1.0547638254010936,1.0547638254010936,0.18259364379273404,False,False,10.5,
2026-04-11,EBAY COMMERCE,50.37,Shopping,0,ebay commerce,ebay commerce,4,5,11,Shopping,0.8827,50.37,3.9390543444791764,0.03,93.2,0.540450643776824,1.0,0.0,False,False,2.7,
2026-04-11,DUNKIN 349832,3.67,Dining,0,dunkin,dunkin,4,5,11,Dining,0.8728,3.67,1.541159071680806,0.044,7.555,0.485771012574454,1.0,0.0,False,False,28.0,
2026-04-12,TRADER JOES #551,36.14,Groceries,0,trader joes,trader joes,4,6,12,Groceries,0.8246,36.14,3.61469455592456,0.032,72.02,0.5018050541516246,1.0,0.0,False,False,2.9,
2026-04-13,AMZN MKTP US,118.94,Shopping,0,amzn mktp us,amazon,4,0,13,Shopping,0.8063,118.94,4.786991617740363,0.034,90.57,1.3132383791542455,1.3132383791542455,0.7983021629683359,False,False,13.6,
2026-04-13,DISNEY PLUS,20.16,Entertainment,0,disney plus,disney plus,4,0,13,Entertainment,0.8426,20.16,3.052112606990099,0.014,19.96,1.0100200400801602,1.0100200400801602,0.06680026720106856,False,False,26.5,
2026-04-13,MAX STREAMING,16.68,Entertainment,0,max streaming,max streaming,4,0,13,Entertainment,0.9204,16.68,2.8724340572094973,0.022,16.68,1.0,1.0,0.0,False,False,7.7,
2026-04-13,BEST BUY 882,177.65,Shopping,0,best buy,best buy,4,0,13,Shopping,0.8555,177.65,5.185428584469419,0.038,117.4,1.5132027257240204,1.5132027257240204,0.8067911109482799,False,False,28.1,
2026-04-13,CHIPOTLE 1432,23.59,Dining,0,chipotle,chipotle,4,0,13,Dining,0.8391,23.59,3.202339856228101,0.044,15.82,1.491150442477876,1.491150442477876,1.3773438110730993,False,False,29.3,
2026-04-14,STARBUCKS STORE 12931,7.56,Dining,0,starbucks store,starbucks,4,1,14,Dining,0.8092,7.56,2.1471001901536506,0.07,9.87,0.7659574468085106,1.0,0.0,False,False,23.4,
2026-04-14,DUNKIN 349832,12.63,Dining,0,dunkin,dunkin,4,1,14,Dining,0.8728,12.63,2.612273245708441,0.044,7.555,1.671740569159497,1.671740569159497,1.3556596452846421,False,False,40.3,
2026-04-14,AMAZON MARKETPLACE,98.99,Shopping,0,amazon marketplace,amazon marketplace,4,1,14,Shopping,0.8586,98.99,4.605070180987758,0.034,69.9,1.4161659513590843,1.4161659513590843,0.583435509758375,False,False,15.2,
2026-04-15,HULU,19.03,Entertainment,0,hulu,hulu,4,2,15,Entertainment,0.907,19.03,2.997231149677727,0.02,17.52,1.0861872146118723,1.0861872146118723,0.3217949594975229,False,False,22.9,
2026-04-16,AMAZON MARKETPLACE,97.31,Shopping,0,amazon marketplace,amazon marketplace,4,3,16,Shopping,0.8586,97.31,4.588125751378833,0.034,69.9,1.3921316165951358,1.3921316165951358,0.5497410561181527,False,False,14.7,
2026-04-16,SPOTIFY USA,13.74,Entertainment,0,spotify usa,spotify,4,3,16,Entertainment,0.8853,13.74,2.6905648867611904,0.022,16.63,0.8262176788935659,1.0,0.0,False,False,10.5,
2026-04-16,WHOLE FOODS MARKET,30.18,Groceries,0,whole foods market,whole foods,4,3,16,Groceries,0.8276,30.18,3.4397768636296306,0.048,77.685,0.3884919868700521,1.0,0.0,False,False,8.8,
2026-04-16,DUNKIN 349832,7.95,Dining,0,dunkin,dunkin,4,3,16,Dining,0.8728,7.95,2.191653532286764,0.044,7.555,1.0522832561217736,1.0522832561217736,0.10551439603693284,False,False,20.3,
2026-04-16,EBAY COMMERCE,55.02,Shopping,0,ebay commerce,ebay commerce,4,3,16,Shopping,0.8827,55.02,4.0257087698319625,0.03,93.2,0.590343347639485,1.0,0.0,False,False,2.6,
2026-04-17,SHOPRITE #441,46.25,Groceries,0,shoprite,shoprite,4,4,17,Groceries,0.7574,46.25,3.855452653939752,0.034,89.38,0.5174535690311032,1.0,0.0,False,False,0.5,
2026-04-17,AMZN MKTP US,66.6,Shopping,0,amzn mktp us,amazon,4,4,17,Shopping,0.8063,66.6,4.213607983048918,0.034,90.57,0.7353428287512421,1.0,0.0,False,False,0.4,
2026-04-17,COSTCO WHOLESALE,49.36,Groceries,0,costco wholesale,costco wholesale,4,4,17,Groceries,0.8857,49.36,3.9191972091761462,0.06,107.98,0.457121689201704,1.0,0.0,False,False,15.3,
2026-04-18,CHIPOTLE 1432,18.53,Dining,0,chipotle,chipotle,4,5,18,Dining,0.8391,18.53,2.9719517448885875,0.044,15.82,1.1713021491782554,1.1713021491782554,0.4803863227809653,False,False,16.8,
2026-04-18,CHIPOTLE 1432,10.99,Dining,0,chipotle,chipotle,4,5,18,Dining,0.8391,10.99,2.4840729690394228,0.044,15.82,0.6946902654867256,1.0,0.0,False,False,5.5,
2026-04-19,CHEVRON 5812,58.23,Fuel,0,chevron,chevron,4,6,19,Fuel,0.9404,58.23,4.0814281702888735,0.034,56.98,1.021937521937522,1.021937521937522,0.08241578194973062,False,False,8.4,
2026-04-19,COSTCO WHOLESALE,45.02,Groceries,0,costco wholesale,costco wholesale,4,6,19,Groceries,0.8857,45.02,3.82907608460722,0.06,107.98,0.4169290609372106,1.0,0.0,False,False,15.7,
2026-04-19,SPOTIFY USA,16.26,Entertainment,0,spotify usa,spotify,4,6,19,Entertainment,0.8853,16.26,2.848391685655282,0.022,16.63,0.9777510523150934,1.0,0.0,False,False,7.5,
2026-04-19,TRADER JOES #551,78.82,Groceries,0,trader joes,trader joes,4,6,19,Groceries,0.8246,78.82,4.379774099620588,0.032,72.02,1.0944182171618995,1.0944182171618995,0.21367515324672004,False,False,10.2,
2026-04-20,CHEVRON 5812,68.64,Fuel,0,chevron,chevron,4,0,20,Fuel,0.9404,68.64,4.243339114899988,0.034,56.98,1.2046332046332047,1.2046332046332047,0.7687744140270875,False,False,11.6,
2026-04-20,SPEEDWAY 8912,62.47,Fuel,0,speedway,speedway,4,0,20,Fuel,0.8361,62.47,4.150567353318379,0.024,44.185,1.4138282222473688,1.4138282222473688,0.8706716228047682,False,False,23.4,
2026-04-20,MAX STREAMING,11.98,Entertainment,0,max streaming,max streaming,4,0,20,Entertainment,0.9204,11.98,2.563409711275944,0.022,16.68,0.7182254196642687,1.0,0.0,False,False,12.7,
2026-04-21,HULU,24.04,Entertainment,0,hulu,hulu,4,1,21,Entertainment,0.907,24.04,3.2204745462318978,0.02,17.52,1.3721461187214612,1.3721461187214612,1.3894722754462563,False,False,34.2,
2026-04-21,APPLE MUSIC,8.26,Entertainment,0,apple music,apple music,4,1,21,Entertainment,0.8728,8.26,2.225704048658088,0.014,9.74,0.8480492813141683,1.0,0.0,False,False,27.1,
2026-04-22,MOBIL 29182,71.88,Fuel,0,mobil,mobil,4,2,22,Fuel,0.8379,71.88,4.288814252951703,0.032,55.785,1.2885184189298198,1.2885184189298198,0.9619786241715377,False,False,15.0,
2026-04-22,MOBIL 29182,42.25,Fuel,0,mobil,mobil,4,2,22,Fuel,0.8379,42.25,3.7669972333778885,0.032,55.785,0.757372053419378,1.0,0.0,False,False,1.9,
2026-04-23,WHOLE FOODS MARKET,92.47,Groceries,0,whole foods market,whole foods,4,3,23,Groceries,0.8276,92.47,4.537640529194492,0.048,77.685,1.1903198815730192,1.1903198815730192,0.32340995228997754,False,False,20.1,
2026-04-24,MOBIL 29182,59.7,Fuel,0,mobil,mobil,4,4,24,Fuel,0.8379,59.7,4.1059436980654525,0.032,55.785,1.0701801559559023,1.0701801559559023,0.2339948004741582,False,False,11.0,
2026-04-24,BEST BUY 882,200.34,Shopping,0,best buy,best buy,4,4,24,Shopping,0.8555,200.34,5.304995021301277,0.038,117.4,1.7064735945485519,1.7064735945485519,1.110626634722827,False,False,37.2,
2026-04-25,WHOLE FOODS MARKET,30.6,Groceries,0,whole foods market,whole foods,4,5,25,Groceries,0.8276,30.6,3.4531571205928664,0.048,77.685,0.39389843599150415,1.0,0.0,False,False,9.0,
2026-04-25,DISNEY PLUS,20.35,Entertainment,0,disney plus,disney plus,4,5,25,Entertainment,0.8426,20.35,3.0610517396746335,0.014,19.96,1.0195390781563127,1.0195390781563127,0.13026052104208435,False,False,30.2,
2026-04-25,NETFLIX.COM,19.0,Entertainment,0,netflix com,netflix,4,5,25,Entertainment,0.8948,19.0,2.995732273553991,0.022,19.62,0.9683995922528033,1.0,0.0,False,False,7.8,
2026-04-26,CHEVRON 5812,55.44,Fuel,0,chevron,chevron,4,6,26,Fuel,0.9404,55.44,4.033178126984613,0.034,56.98,0.972972972972973,1.0,0.0,False,False,0.2,
2026-04-26,SHOPRITE #441,53.0,Groceries,0,shoprite,shoprite,4,6,26,Groceries,0.7574,53.0,3.9889840465642745,0.034,89.38,0.5929738196464533,1.0,0.0,False,False,0.1,
2026-04-26,TRADER JOES #551,167.99,Groceries,1,trader joes,trader joes,4,6,26,Groceries,0.8246,167.99,5.129839541574732,0.032,72.02,2.3325465148569844,2.3325465148569844,3.015647714277608,True,True,61.7,amount is 2.3x this merchant's typical amount (median $72.02)
2026-04-26,BEST BUY 882,65.25,Shopping,0,best buy,best buy,4,6,26,Shopping,0.8555,65.25,4.193435464866331,0.038,117.4,0.5557921635434412,1.0,0.0,False,False,3.2,
2026-04-27,NETFLIX.COM,24.5,Entertainment,0,netflix com,netflix,4,0,27,Entertainment,0.8948,24.5,3.2386784521643803,0.022,19.62,1.2487257900101936,1.2487257900101936,1.6581719334012908,False,False,35.2,
2026-04-27,COSTCO WHOLESALE,179.26,Groceries,0,costco wholesale,costco wholesale,4,0,27,Groceries,0.8857,179.26,5.194400253128264,0.06,107.98,1.6601222448601591,1.6601222448601591,1.3246370391373932,False,False,45.6,
2026-04-27,AMAZON MARKETPLACE,16.64,Shopping,0,amazon marketplace,amazon marketplace,4,0,27,Shopping,0.8586,16.64,2.8701690505786455,0.034,69.9,0.23805436337625177,1.0,0.0,False,False,4.9,
2026-04-27,PANERA BREAD 2918,11.86,Dining,0,panera bread,panera bread,4,0,27,Dining,0.8521,11.86,2.554121718809473,0.046,18.11,0.6548868028713418,1.0,0.0,False,False,6.9,
2026-04-28,BEST BUY 882,149.81,Shopping,0,best buy,best buy,4,1,28,Shopping,0.8555,149.81,5.016020766372594,0.038,117.4,1.2760647359454855,1.2760647359454855,0.4339933594329253,False,False,23.3,
2026-04-28,MCDONALDS F3812,11.84,Dining,0,mcdonalds f,mcdonalds,4,1,28,Dining,0.8766,11.84,2.552565298261815,0.056,11.995000000000001,0.9870779491454772,1.0,0.0,False,False,11.7,
2026-04-29,HULU,13.9,Entertainment,0,hulu,hulu,4,2,29,Entertainment,0.907,13.9,2.7013612129514133,0.02,17.52,0.79337899543379,1.0,0.0,False,False,14.3,
2026-04-30,WHOLE FOODS MARKET,88.27,Groceries,0,whole foods market,whole foods,4,3,30,Groceries,0.8276,88.27,4.4916654851912705,0.048,77.685,1.1362553903584989,1.1362553903584989,0.23153833919441402,False,False,18.1,
2026-04-30,TARGET STORE 1192,30.64,Shopping,0,target store,target,4,3,30,Shopping,0.8032,30.64,3.4544221428994533,0.034,84.47,0.36273233100509056,1.0,0.0,False,False,2.3,
2026-04-30,MAX STREAMING,11.26,Entertainment,0,max streaming,max streaming,4,3,30,Entertainment,0.9204,11.26,2.506341930508065,0.022,16.68,0.6750599520383693,1.0,0.0,False,False,13.7,
2026-04-30,CHEVRON 5812,56.98,Fuel,0,chevron,chevron,4,3,30,Fuel,0.9404,56.98,4.06009812349351,0.034,56.98,1.0,1.0,0.0,False,False,0.3,
2026-04-30,WHOLE FOODS MARKET,66.64,Groceries,0,whole foods market,whole foods,4,3,30,Groceries,0.8276,66.64,4.21419952403038,0.048,77.685,0.8578232606037202,1.0,0.0,False,False,8.0,
2026-05-01,ALDI #128,62.51,Groceries,0,aldi,aldi,5,4,1,Groceries,0.7881,62.51,4.151197373814884,0.03,68.7,0.9098981077147016,1.0,0.0,False,False,2.9,
2026-05-02,COSTCO WHOLESALE,162.5,Groceries,0,costco wholesale,costco wholesale,5,5,2,Groceries,0.8857,162.5,5.096812990337308,0.06,107.98,1.5049083163548804,1.5049083163548804,1.013176366074224,False,False,35.9,
2026-05-02,SPOTIFY USA,16.86,Entertainment,0,spotify usa,spotify,5,5,2,Entertainment,0.8853,16.86,2.882563575448353,0.022,16.63,1.0138304269392664,1.0138304269392664,0.09220284626177608,False,False,17.3,
2026-05-02,TARGET STORE 1192,34.43,Shopping,0,target store,target,5,5,2,Shopping,0.8032,34.43,3.5675589188773804,0.034,84.47,0.40760033147863145,1.0,0.0,False,False,2.1,
2026-05-02,SHELL OIL 88321,63.76,Fuel,0,shell oil,shell,5,5,2,Fuel,0.8847,63.76,4.170688128809434,0.028,55.515,1.148518418445465,1.148518418445465,0.4808626296484674,False,False,14.5,
2026-05-03,PANERA BREAD 2918,24.86,Dining,0,panera bread,panera bread,5,6,3,Dining,0.8521,24.86,3.2526973733437115,0.046,18.11,1.372722252898951,1.372722252898951,1.2934126779735846,False,False,26.7,
2026-05-03,MCDONALDS F3812,11.66,Dining,0,mcdonalds f,mcdonalds,5,6,3,Dining,0.8766,11.66,2.5384474167160302,0.056,11.995000000000001,0.9720716965402251,1.0,0.0,False,False,11.9,
2026-05-04,COSTCO WHOLESALE,143.14,Groceries,0,costco wholesale,costco wholesale,5,0,4,Groceries,0.8857,143.14,4.970785049496295,0.06,107.98,1.3256158547879235,1.3256158547879235,0.6533984048270304,False,False,32.2,
2026-05-05,ALDI #128,60.66,Groceries,0,aldi,aldi,5,1,5,Groceries,0.7881,60.66,4.121635422458004,0.03,68.7,0.8829694323144104,1.0,0.0,False,False,2.9,
2026-05-05,TRADER JOES #551,88.05,Groceries,0,trader joes,trader joes,5,1,5,Groceries,0.8246,88.05,4.489198009735671,0.032,72.02,1.2225770619272425,1.2225770619272425,0.5037077509624888,False,False,14.0,
2026-05-06,KROGER #912,106.39,Groceries,0,kroger,kroger,5,2,6,Groceries,0.7572,106.39,4.676467067870125,0.026,71.93,1.4790768803002918,1.4790768803002918,1.0307295597145663,False,False,25.1,
2026-05-06,ETSY.COM,99.7,Shopping,0,etsy com,etsy,5,2,6,Shopping,0.8857,99.7,4.612145799724517,0.04,58.8,1.6955782312925172,1.6955782312925172,1.2304492445402653,False,False,28.0,
2026-05-08,TARGET STORE 1192,98.94,Shopping,0,target store,target,5,4,8,Shopping,0.8032,98.94,4.604570005916059,0.034,84.47,1.1713034213330176,1.1713034213330176,0.26975901850819045,False,False,12.3,
2026-05-08,AMAZON MARKETPLACE,78.86,Shopping,0,amazon marketplace,amazon marketplace,5,4,8,Shopping,0.8586,78.86,4.380275101635076,0.034,69.9,1.1281831187410585,1.1281831187410585,0.1797037527478528,False,False,9.6,
2026-05-08,PANERA BREAD 2918,23.57,Dining,0,panera bread,panera bread,5,4,8,Dining,0.8521,23.57,3.201526186533088,0.046,18.11,1.301490889011596,1.301490889011596,1.0462271439608553,False,False,22.2,
2026-05-09,HULU,23.48,Entertainment,0,hulu,hulu,5,5,9,Entertainment,0.907,23.48,3.1978564576441255,0.02,17.52,1.3401826484018264,1.3401826484018264,1.2701310984140628,False,False,30.4,
2026-05-11,STARBUCKS STORE 12931,12.82,Dining,0,starbucks store,starbucks,5,0,11,Dining,0.8092,12.82,2.626116818339524,0.07,9.87,1.2988855116514693,1.2988855116514693,0.8121419348799825,False,False,36.5,
2026-05-11,WHOLE FOODS MARKET,40.67,Groceries,0,whole foods market,whole foods,5,0,11,Groceries,0.8276,40.67,3.7297814454343623,0.048,77.685,0.5235244899272704,1.0,0.0,False,False,8.1,
2026-05-11,CHIPOTLE 1432,9.08,Dining,0,chipotle,chipotle,5,0,11,Dining,0.8391,9.08,2.3105532626432224,0.044,15.82,0.5739570164348925,1.0,0.0,False,False,7.5,
2026-05-11,MAX STREAMING,22.43,Entertainment,0,max streaming,max streaming,5,0,11,Entertainment,0.9204,22.43,3.1540172525197043,0.022,16.68,1.3447242206235013,1.3447242206235013,0.7155575400351333,False,False,24.2,
2026-05-11,ALDI #128,72.33,Groceries,0,aldi,aldi,5,0,11,Groceries,0.7881,72.33,4.294969802105708,0.03,68.7,1.0528384279475982,1.0528384279475982,0.1316344869301096,False,False,10.2,
2026-05-12,EBAY COMMERCE,127.47,Shopping,0,ebay commerce,ebay commerce,5,1,12,Shopping,0.8827,127.47,4.8556954140435185,0.03,93.2,1.3677038626609441,1.3677038626609441,0.935443072734234,False,False,19.9,
2026-05-13,COSTCO WHOLESALE,77.85,Groceries,0,costco wholesale,costco wholesale,5,2,13,Groceries,0.8857,77.85,4.367547313409047,0.06,107.98,0.7209668457121688,1.0,0.0,False,False,15.4,
2026-05-13,CHIPOTLE 1432,17.73,Dining,0,chipotle,chipotle,5,2,13,Dining,0.8391,17.73,2.930126516455997,0.044,15.82,1.1207332490518331,1.1207332490518331,0.3385748621814183,False,False,14.8,
2026-05-13,COSTCO WHOLESALE,140.77,Groceries,0,costco wholesale,costco wholesale,5,2,13,Groceries,0.8857,140.77,4.95420602612954,0.06,107.98,1.3036673458047787,1.3036673458047787,0.6093553382900553,False,False,31.8,
2026-05-14,MOBIL 29182,64.13,Fuel,0,mobil,mobil,5,3,14,Fuel,0.8379,64.13,4.17638527255831,0.032,55.785,1.149592184278928,1.149592184278928,0.49877052617033124,False,False,12.2,
2026-05-15,AMZN MKTP US,98.68,Shopping,0,amzn mktp us,amazon,5,4,15,Shopping,0.8063,98.68,4.601965055039143,0.034,90.57,1.0895439991167055,1.0895439991167055,0.2282069277995493,False,False,9.5,
2026-05-15,APPLE MUSIC,9.74,Entertainment,0,apple music,apple music,5,4,15,Entertainment,0.8728,9.74,2.3739750890807185,0.014,9.74,1.0,1.0,0.0,False,False,24.8,
2026-05-16,MOBIL 29182,38.99,Fuel,0,mobil,mobil,5,5,16,Fuel,0.8379,38.99,3.688629422858727,0.032,55.785,0.6989334050371965,1.0,0.0,False,False,2.3,
2026-05-16,EBAY COMMERCE,10.65,Shopping,0,ebay commerce,ebay commerce,5,5,16,Shopping,0.8827,10.65,2.4553061800117097,0.03,93.2,0.11427038626609443,1.0,0.0,False,False,11.9,
2026-05-17,MCDONALDS F3812,8.74,Dining,0,mcdonalds f,mcdonalds,5,6,17,Dining,0.8766,8.74,2.2762411176544437,0.056,11.995000000000001,0.7286369320550229,1.0,0.0,False,False,12.8,
2026-05-17,TARGET STORE 1192,114.24,Shopping,0,target store,target,5,6,17,Shopping,0.8032,114.24,4.7470169102163275,0.034,84.47,1.3524328163845152,1.3524328163845152,0.5549914292321236,False,False,14.8,
2026-05-17,KROGER #912,42.81,Groceries,0,kroger,kroger,5,6,17,Groceries,0.7572,42.81,3.779862101825807,0.026,71.93,0.5951619630196023,1.0,0.0,False,False,6.6,
2026-05-17,AMAZON MARKETPLACE,103.53,Shopping,0,amazon marketplace,amazon marketplace,5,6,17,Shopping,0.8586,103.53,4.649474111544616,0.034,69.9,1.4811158798283262,1.4811158798283262,0.6744907594765952,False,False,15.6,
2026-05-18,PANERA BREAD 2918,14.75,Dining,0,panera bread,panera bread,5,0,18,Dining,0.8521,14.75,2.7568403652716422,0.046,18.11,0.8144671452236334,1.0,0.0,False,False,6.9,
2026-05-18,SHELL OIL 88321,59.4,Fuel,0,shell oil,shell,5,0,18,Fuel,0.8847,59.4,4.100989104940769,0.028,55.515,1.0699810861929209,1.0699810861929209,0.22657990493442032,False,False,13.7,
2026-05-18,MCDONALDS F3812,8.05,Dining,0,mcdonalds f,mcdonalds,5,0,18,Dining,0.8766,8.05,2.2027647577118348,0.056,11.995000000000001,0.6711129637348895,1.0,0.0,False,False,13.9,
2026-05-18,TARGET STORE 1192,120.65,Shopping,0,target store,target,5,0,18,Shopping,0.8032,120.65,4.801148069229532,0.034,84.47,1.428317745945306,1.428317745945306,0.6744907594765952,False,False,15.4,
2026-05-18,AMZN MKTP US,49.45,Shopping,0,amzn mktp us,amazon,5,0,18,Shopping,0.8063,49.45,3.920982746799618,0.034,90.57,0.5459865297559899,1.0,0.0,False,False,0.3,
2026-05-18,SPOTIFY USA,18.49,Entertainment,0,spotify usa,spotify,5,0,18,Entertainment,0.8853,18.49,2.9699015135194693,0.022,16.63,1.1118460613349368,1.1118460613349368,0.7456404088995788,False,False,23.2,
2026-05-19,AMAZON MARKETPLACE,83.58,Shopping,0,amazon marketplace,amazon marketplace,5,1,19,Shopping,0.8586,83.58,4.437697832044343,0.034,69.9,1.1957081545064376,1.1957081545064376,0.2743691224989539,False,False,12.5,
2026-05-19,MCDONALDS F3812,18.24,Dining,0,mcdonalds f,mcdonalds,5,1,19,Dining,0.8766,18.24,2.9569914452375605,0.056,11.995000000000001,1.5206335973322216,1.5206335973322216,1.1399715271803341,False,False,31.7,
2026-05-19,CHIPOTLE 1432,11.93,Dining,0,chipotle,chipotle,5,1,19,Dining,0.8391,11.93,2.559550192783766,0.044,15.82,0.7541087231352718,1.0,0.0,False,False,5.4,
2026-05-20,STARBUCKS STORE 12931,5.32,Dining,0,starbucks store,starbucks,5,2,20,Dining,0.8092,5.32,1.843719208158766,0.07,9.87,0.5390070921985817,1.0,0.0,False,False,29.9,
2026-05-21,MAX STREAMING,23.02,Entertainment,0,max streaming,max streaming,5,3,21,Entertainment,0.9204,23.02,3.1788868166518376,0.022,16.68,1.380095923261391,1.380095923261391,0.7889799658822165,False,False,24.9,
2026-05-21,TACO BELL 3982,7.67,Dining,0,taco bell,taco bell,5,3,21,Dining,0.861,7.67,2.1598687907924505,0.036,12.05,0.6365145228215767,1.0,0.0,False,False,11.3,
2026-05-21,PANERA BREAD 2918,21.63,Dining,0,panera bread,panera bread,5,3,21,Dining,0.8521,21.63,3.119276459645446,0.046,18.11,1.1943677526228602,1.1943677526228602,0.6744907594765952,False,False,19.4,
2026-05-21,ETSY.COM,48.25,Shopping,0,etsy com,etsy,5,3,21,Shopping,0.8857,48.25,3.8969093676180977,0.04,58.8,0.8205782312925171,1.0,0.0,False,False,3.5,
2026-05-23,ETSY.COM,58.81,Shopping,0,etsy com,etsy,5,5,23,Shopping,0.8857,58.81,4.091172871056465,0.04,58.8,1.000170068027211,1.000170068027211,0.00030084333607356835,False,False,6.9,
2026-05-23,PANERA BREAD 2918,12.11,Dining,0,panera bread,panera bread,5,5,23,Dining,0.8521,12.11,2.5733752977756086,0.046,18.11,0.6686913307564881,1.0,0.0,False,False,7.2,
2026-05-24,STARBUCKS STORE 12931,7.53,Dining,0,starbucks store,starbucks,5,6,24,Dining,0.8092,7.53,2.143589361503588,0.07,9.87,0.7629179331306992,1.0,0.0,False,False,23.4,
2026-05-25,AMAZON MARKETPLACE,93.39,Shopping,0,amazon marketplace,amazon marketplace,5,0,25,Shopping,0.8586,93.39,4.547435135336853,0.034,69.9,1.3360515021459227,1.3360515021459227,0.471120664290967,False,False,13.3,
2026-05-25,MAX STREAMING,14.32,Entertainment,0,max streaming,max streaming,5,0,25,Entertainment,0.9204,14.32,2.729159164312445,0.022,16.68,0.8585131894484412,1.0,0.0,False,False,9.5,
2026-05-25,CHEVRON 5812,68.3,Fuel,0,chevron,chevron,5,0,25,Fuel,0.9404,68.3,4.238444906195857,0.034,56.98,1.1986661986661986,1.1986661986661986,0.7463573213367606,False,False,11.6,
2026-05-25,TRADER JOES #551,53.4,Groceries,0,trader joes,trader joes,5,0,25,Groceries,0.8246,53.4,3.996364153861897,0.032,72.02,0.7414607053596224,1.0,0.0,False,False,1.7,
2026-05-26,EBAY COMMERCE,70.06,Shopping,0,ebay commerce,ebay commerce,5,1,26,Shopping,0.8827,70.06,4.263524590592881,0.03,93.2,0.7517167381974249,1.0,0.0,False,False,3.3,
2026-05-26,TRADER JOES #551,97.78,Groceries,0,trader joes,trader joes,5,1,26,Groceries,0.8246,97.78,4.592895155112479,0.032,72.02,1.3576784226603722,1.3576784226603722,0.8094517570052223,False,False,14.6,
2026-05-26,CHEVRON 5812,54.91,Fuel,0,chevron,chevron,5,1,26,Fuel,0.9404,54.91,4.0237432550385535,0.034,56.98,0.9636714636714636,1.0,0.0,False,False,0.0,
2026-05-26,HULU,16.18,Entertainment,0,hulu,hulu,5,1,26,Entertainment,0.907,16.18,2.8437459165561094,0.02,17.52,0.9235159817351598,1.0,0.0,False,False,11.8,
2026-05-27,KROGER #912,56.65,Groceries,0,kroger,kroger,5,2,27,Groceries,0.7572,56.65,4.054390246715068,0.026,71.93,0.7875712498262198,1.0,0.0,False,False,7.0,
2026-05-28,SHELL OIL 88321,72.33,Fuel,0,shell oil,shell,5,3,28,Fuel,0.8847,72.33,4.294969802105708,0.028,55.515,1.3028911105106729,1.3028911105106729,0.9806798201987847,False,False,17.4,
2026-05-28,ETSY.COM,80.36,Shopping,0,etsy com,etsy,5,3,28,Shopping,0.8857,80.36,4.398883751740304,0.04,58.8,1.3666666666666667,1.3666666666666667,0.6486182325742816,False,False,15.9,
2026-05-28,NETFLIX.COM,15.84,Entertainment,0,netflix com,netflix,5,3,28,Entertainment,0.8948,15.84,2.8237570088141806,0.022,19.62,0.8073394495412843,1.0,0.0,False,False,7.7,
2026-05-29,MCDONALDS F3812,19.37,Dining,0,mcdonalds f,mcdonalds,5,4,29,Dining,0.8766,19.37,3.0140632302387145,0.056,11.995000000000001,1.6148395164651939,1.6148395164651939,1.3462433967902272,False,False,39.0,
2026-05-29,SHOPRITE #441,117.41,Groceries,0,shoprite,shoprite,5,4,29,Groceries,0.7574,117.41,4.774153178342865,0.034,89.38,1.3136048332960395,1.3136048332960395,0.6744907594765952,False,False,12.6,
2026-05-29,EXXON 57291,59.83,Fuel,0,exxon,exxon,5,4,29,Fuel,0.8754,59.83,4.108083088332614,0.014,59.83,1.0,1.0,0.0,False,False,21.0,
2026-05-29,TACO BELL 3982,10.83,Dining,0,taco bell,taco bell,5,4,29,Dining,0.861,10.83,2.4706386779902956,0.036,12.05,0.8987551867219916,1.0,0.0,False,False,6.9,
2026-05-29,TARGET STORE 1192,123.59,Shopping,0,target store,target,5,4,29,Shopping,0.8032,123.59,4.825028346310772,0.034,84.47,1.4631230022493193,1.4631230022493193,0.7293001246745274,False,False,16.0,
2026-05-30,STARBUCKS STORE 12931,12.0,Dining,0,starbucks store,starbucks,5,5,30,Dining,0.8092,12.0,2.5649493574615367,0.07,9.87,1.2158054711246202,1.2158054711246202,0.586394007218428,False,False,35.8,
2026-05-30,MAX STREAMING,14.54,Entertainment,0,max streaming,max streaming,5,5,30,Entertainment,0.9204,14.54,2.7434173449395014,0.022,16.68,0.8717026378896882,1.0,0.0,False,False,9.1,
2026-05-30,WHOLE FOODS MARKET,90.98,Groceries,0,whole foods market,whole foods,5,5,30,Groceries,0.8276,90.98,4.521571162111778,0.048,77.685,1.1711398596897729,1.1711398596897729,0.2908174038346468,False,False,19.7,
2026-05-30,MCDONALDS F3812,11.86,Dining,0,mcdonalds f,mcdonalds,5,5,30,Dining,0.8766,11.86,2.554121718809473,0.056,11.995000000000001,0.9887453105460607,1.0,0.0,False,False,11.7,
2026-05-31,AMAZON MARKETPLACE,22.3,Shopping,0,amazon marketplace,amazon marketplace,5,6,31,Shopping,0.8586,22.3,3.1484533605716547,0.034,69.9,0.3190271816881259,1.0,0.0,False,False,4.1,
2026-05-31,MCDONALDS F3812,17.71,Dining,0,mcdonalds f,mcdonalds,5,6,31,Dining,0.8766,17.71,2.9290581402859983,0.056,11.995000000000001,1.476448520216757,1.476448520216757,1.0432245440889691,False,False,30.9,
2026-06-01,SHELL OIL 88321,45.01,Fuel,0,shell oil,shell,6,0,1,Fuel,0.8847,45.01,3.8288587641673772,0.028,55.515,0.810771863460326,1.0,0.0,False,False,5.3,
2026-06-01,BEST BUY 882,74.66,Shopping,0,best buy,best buy,6,0,1,Shopping,0.8555,74.66,4.326249619204883,0.038,117.4,0.6359454855195911,1.0,0.0,False,False,3.7,
2026-06-01,BP GAS STATION 2281,64.33,Fuel,0,bp gas station,bp,6,0,1,Fuel,0.8547,64.33,4.179451348852659,0.018,49.95,1.2878878878878879,1.2878878878878879,1.5250278492568297,False,False,38.0,
2026-06-01,DUNKIN 349832,7.14,Dining,0,dunkin,dunkin,6,0,1,Dining,0.8728,7.14,2.096790180014449,0.044,7.555,0.9450694904037061,1.0,0.0,False,False,10.7,
2026-06-02,SHELL OIL 88321,49.56,Fuel,0,shell oil,shell,6,1,2,Fuel,0.8847,49.56,3.923160749838602,0.028,55.515,0.8927316941367198,1.0,0.0,False,False,5.0,
2026-06-03,TACO BELL 3982,12.31,Dining,0,taco bell,taco bell,6,2,3,Dining,0.861,12.31,2.58851563240702,0.036,12.05,1.021576763485477,1.021576763485477,0.07542692364039334,False,False,16.2,
2026-06-03,DISNEY PLUS,15.9,Entertainment,0,disney plus,disney plus,6,2,3,Entertainment,0.8426,15.9,2.827313621929028,0.014,19.96,0.7965931863727455,1.0,0.0,False,False,18.6,
2026-06-03,SHOPRITE #441,49.19,Groceries,0,shoprite,shoprite,6,2,3,Groceries,0.7574,49.19,3.9158158036668422,0.034,89.38,0.5503468337435667,1.0,0.0,False,False,0.3,
2026-06-03,COSTCO WHOLESALE,71.96,Groceries,0,costco wholesale,costco wholesale,6,2,3,Groceries,0.8857,71.96,4.289911345766076,0.06,107.98,0.6664197073532134,1.0,0.0,False,False,15.1,
2026-06-04,STARBUCKS STORE 12931,7.73,Dining,0,starbucks store,starbucks,6,3,4,Dining,0.8092,7.73,2.166765369851511,0.07,9.87,0.7831813576494429,1.0,0.0,False,False,23.1,
2026-06-06,MCDONALDS F3812,12.25,Dining,0,mcdonalds f,mcdonalds,6,5,6,Dining,0.8766,12.25,2.583997552432231,0.056,11.995000000000001,1.0212588578574404,1.0212588578574404,0.04654807677037377,False,False,22.0,
2026-06-07,TARGET STORE 1192,80.2,Shopping,0,target store,target,6,6,7,Shopping,0.8032,80.2,4.396915247167632,0.034,84.47,0.9494495087013142,1.0,0.0,False,False,1.9,
2026-06-07,DISNEY PLUS,19.72,Entertainment,0,disney plus,disney plus,6,6,7,Entertainment,0.8426,19.72,3.031099417391282,0.014,19.96,0.9879759519038075,1.0,0.0,False,False,17.3,
2026-06-07,EBAY COMMERCE,93.33,Shopping,0,ebay commerce,ebay commerce,6,6,7,Shopping,0.8827,93.33,4.546799272661762,0.03,93.2,1.0013948497854077,1.0013948497854077,0.0035485147200305274,False,False,10.9,
2026-06-08,TACO BELL 3982,16.07,Dining,0,taco bell,taco bell,6,0,8,Dining,0.861,16.07,2.837322536806349,0.036,12.05,1.333609958506224,1.333609958506224,1.1662162809014671,False,False,24.5,
2026-06-08,CHIPOTLE 1432,24.66,Dining,0,chipotle,chipotle,6,0,8,Dining,0.8391,24.66,3.2449333591874905,0.044,15.82,1.5587863463969658,1.5587863463969658,1.5670166396249934,False,False,33.6,
2026-06-08,SPEEDWAY 8912,58.24,Fuel,0,speedway,speedway,6,0,8,Fuel,0.8361,58.24,4.081596989399598,0.024,44.185,1.3180943759194297,1.3180943759194297,0.6692529208925906,False,False,20.5,
2026-06-09,MOBIL 29182,64.82,Fuel,0,mobil,mobil,6,1,9,Fuel,0.8379,64.82,4.186923743515194,0.032,55.785,1.1619611006542978,1.1619611006542978,0.5400109890891482,False,False,12.6,
2026-06-09,COSTCO WHOLESALE,61.06,Groceries,0,costco wholesale,costco wholesale,6,1,9,Groceries,0.8857,61.06,4.128101659020234,0.06,107.98,0.5654750879792554,1.0,0.0,False,False,14.9,
2026-06-09,AMZN MKTP US,91.29,Shopping,0,amzn mktp us,amazon,6,1,9,Shopping,0.8063,91.29,4.524935793277486,0.034,90.57,1.0079496522027163,1.0079496522027163,0.020260047844103356,False,False,7.9,
2026-06-10,PANERA BREAD 2918,10.87,Dining,0,panera bread,panera bread,6,2,10,Dining,0.8521,10.87,2.4740142086215764,0.046,18.11,0.6002208724461623,1.0,0.0,False,False,7.2,
2026-06-10,KROGER #912,118.76,Groceries,0,kroger,kroger,6,2,10,Groceries,0.7572,118.76,4.785489740111373,0.026,71.93,1.6510496315862644,1.6510496315862644,1.4007273732278915,False,False,35.4,
2026-06-11,DUNKIN 349832,3.93,Dining,0,dunkin,dunkin,6,3,11,Dining,0.8728,3.93,1.5953389880545987,0.044,7.555,0.5201853077432165,1.0,0.0,False,False,24.9,
2026-06-12,SHOPRITE #441,87.53,Groceries,0,shoprite,shoprite,6,4,12,Groceries,0.7574,87.53,4.483341477622957,0.034,89.38,0.979301857238756,1.0,0.0,False,False,3.1,
2026-06-13,COSTCO WHOLESALE,162.97,Groceries,0,costco wholesale,costco wholesale,6,5,13,Groceries,0.8857,162.97,5.099683484261777,0.06,107.98,1.5092609742544916,1.5092609742544916,1.0219106450921052,False,False,35.7,
2026-06-13,PANERA BREAD 2918,11.28,Dining,0,panera bread,panera bread,6,5,13,Dining,0.8521,11.28,2.5079719227189963,0.046,18.11,0.6228602981778023,1.0,0.0,False,False,7.3,
2026-06-13,ALDI #128,40.6,Groceries,0,aldi,aldi,6,5,13,Groceries,0.7881,40.6,3.728100167267218,0.03,68.7,0.5909752547307132,1.0,0.0,False,False,3.0,
2026-06-14,MCDONALDS F3812,17.93,Dining,0,mcdonalds f,mcdonalds,6,6,14,Dining,0.8766,17.93,2.9407479652212314,0.056,11.995000000000001,1.4947894956231762,1.4947894956231762,1.0833836691457621,False,False,31.1,
2026-06-14,ETSY.COM,52.19,Shopping,0,etsy com,etsy,6,6,14,Shopping,0.8857,52.19,3.9738704087542263,0.04,58.8,0.8875850340136054,1.0,0.0,False,False,3.4,
2026-06-14,ETSY.COM,82.08,Shopping,0,etsy com,etsy,6,6,14,Shopping,0.8857,82.08,4.419803999007912,0.04,58.8,1.3959183673469389,1.3959183673469389,0.7003632863789089,False,False,16.7,
2026-06-14,SHOPRITE #441,36.39,Groceries,0,shoprite,shoprite,6,6,14,Groceries,0.7574,36.39,3.6214032889890224,0.034,89.38,0.40713806220631016,1.0,0.0,False,False,1.1,
2026-06-15,SPEEDWAY 8912,40.59,Fuel,0,speedway,speedway,6,0,15,Fuel,0.8361,40.59,3.7278597537548204,0.024,44.185,0.9186375466787372,1.0,0.0,False,False,7.8,
2026-06-15,ETSY.COM,99.26,Shopping,0,etsy com,etsy,6,0,15,Shopping,0.8857,99.26,4.607766811835357,0.04,58.8,1.6880952380952383,1.6880952380952383,1.2172121377530352,False,False,27.8,
2026-06-16,NETFLIX.COM,109.98,Entertainment,1,netflix com,netflix,6,1,16,Entertainment,0.8948,109.98,4.709350004897755,0.022,19.62,5.605504587155963,5.605504587155963,20.0,True,True,94.8,amount is 5.6x this merchant's typical amount (median $19.62)
2026-06-16,EBAY COMMERCE,85.72,Shopping,0,ebay commerce,ebay commerce,6,1,16,Shopping,0.8827,85.72,4.462684537691336,0.03,93.2,0.9197424892703863,1.0,0.0,False,False,5.5,
2026-06-16,DUNKIN 349832,4.31,Dining,0,dunkin,dunkin,6,1,16,Dining,0.8728,4.31,1.6695918352538475,0.044,7.555,0.5704831237590999,1.0,0.0,False,False,21.5,
2026-06-17,WHOLE FOODS MARKET,120.93,Groceries,0,whole foods market,whole foods,6,2,17,Groceries,0.8276,120.93,4.803447109572174,0.048,77.685,1.5566711720409345,1.5566711720409345,0.9459495019803912,False,False,26.2,
2026-06-18,ETSY.COM,34.35,Shopping,0,etsy com,etsy,6,3,18,Shopping,0.8857,34.35,3.565298392342582,0.04,58.8,0.5841836734693878,1.0,0.0,False,False,5.4,
2026-06-18,COSTCO WHOLESALE,166.47,Groceries,0,costco wholesale,costco wholesale,6,3,18,Groceries,0.8857,166.47,5.120804230746387,0.06,107.98,1.541674384145212,1.541674384145212,1.0869531484167527,False,False,38.0,
2026-06-18,STARBUCKS STORE 12931,13.64,Dining,0,starbucks store,starbucks,6,3,18,Dining,0.8092,13.64,2.6837575085331657,0.07,9.87,1.3819655521783183,1.3819655521783183,1.037889862541537,False,False,41.4,
2026-06-18,SHELL OIL 88321,51.63,Fuel,0,shell oil,shell,6,3,18,Fuel,0.8847,51.63,3.9632862993656874,0.028,55.515,0.9300189138070792,1.0,0.0,False,False,5.2,
2026-06-19,SHOPRITE #441,97.86,Groceries,0,shoprite,shoprite,6,4,19,Groceries,0.7574,97.86,4.593704707878813,0.034,89.38,1.0948758111434327,1.0948758111434327,0.20405571317736462,False,False,9.4,
2026-06-20,MCDONALDS F3812,12.95,Dining,0,mcdonalds f,mcdonalds,6,5,20,Dining,0.8766,12.95,2.6354795082673745,0.056,11.995000000000001,1.0796165068778656,1.0796165068778656,0.17432711104198842,False,False,24.9,
2026-06-20,COSTCO WHOLESALE,44.88,Groceries,0,costco wholesale,costco wholesale,6,5,20,Groceries,0.8857,44.88,3.82602929226117,0.06,107.98,0.4156325245415818,1.0,0.0,False,False,15.7,
2026-06-20,TACO BELL 3982,16.12,Dining,0,taco bell,taco bell,6,5,20,Dining,0.861,16.12,2.840247370713596,0.036,12.05,1.337759336099585,1.337759336099585,1.18072145852462,False,False,24.4,
2026-06-20,EXXON 57291,39.31,Fuel,0,exxon,exxon,6,5,20,Fuel,0.8754,39.31,3.6965995771290743,0.014,59.83,0.6570282466989805,1.0,0.0,False,False,18.7,
2026-06-20,PANERA BREAD 2918,9.97,Dining,0,panera bread,panera bread,6,5,20,Dining,0.8521,9.97,2.395164274287139,0.046,18.11,0.5505245720596356,1.0,0.0,False,False,8.4,
2026-06-21,SHELL OIL 88321,50.65,Fuel,0,shell oil,shell,6,6,21,Fuel,0.8847,50.65,3.9444901955656477,0.028,55.515,0.9123660271998558,1.0,0.0,False,False,5.0,
2026-06-21,ALDI #128,87.3,Groceries,0,aldi,aldi,6,6,21,Groceries,0.7881,87.3,4.480740107609915,0.03,68.7,1.2707423580786026,1.2707423580786026,0.6744907594765952,False,False,13.7,
2026-06-21,BEST BUY 882,167.77,Shopping,0,best buy,best buy,6,6,21,Shopping,0.8555,167.77,5.128536841248393,0.038,117.4,1.429045996592845,1.429045996592845,0.6744907594765952,False,False,26.4,
2026-06-21,CHEVRON 5812,55.65,Fuel,0,chevron,chevron,6,6,21,Fuel,0.9404,55.65,4.036891987474015,0.034,56.98,0.9766584766584767,1.0,0.0,False,False,0.1,
2026-06-21,TARGET STORE 1192,79.71,Shopping,0,target store,target,6,6,21,Shopping,0.8032,79.71,4.390862483336281,0.034,84.47,0.9436486326506451,1.0,0.0,False,False,1.8,
2026-06-22,WHOLE FOODS MARKET,121.53,Groceries,0,whole foods market,whole foods,6,0,22,Groceries,0.8276,121.53,4.808355897961355,0.048,77.685,1.564394670785866,1.564394670785866,0.9590740181369002,False,False,26.5,
2026-06-22,PANERA BREAD 2918,19.3,Dining,0,panera bread,panera bread,6,0,22,Dining,0.8521,19.3,3.0106208860477417,0.046,18.11,1.0657095527332965,1.0657095527332965,0.22802386470941738,False,False,15.9,
2026-06-22,DISNEY PLUS,19.96,Entertainment,0,disney plus,disney plus,6,0,22,Entertainment,0.8426,19.96,3.0426158594528414,0.014,19.96,1.0,1.0,0.0,False,False,17.4,
2026-06-22,MOBIL 29182,35.77,Fuel,0,mobil,mobil,6,0,22,Fuel,0.8379,35.77,3.6046822953131805,0.032,55.785,0.6412117952854711,1.0,0.0,False,False,3.3,
2026-06-23,DUNKIN 349832,5.98,Dining,0,dunkin,dunkin,6,1,23,Dining,0.8728,5.98,1.9430489167742813,0.044,7.555,0.7915287888815354,1.0,0.0,False,False,14.9,
2026-06-23,SPOTIFY USA,17.84,Entertainment,0,spotify usa,spotify,6,1,23,Entertainment,0.8853,17.84,2.935982269148217,0.022,16.63,1.0727600721587494,1.0727600721587494,0.4850671477249953,False,False,20.6,
2026-06-24,TRADER JOES #551,96.33,Groceries,0,trader joes,trader joes,6,2,24,Groceries,0.8246,96.33,4.578107266438402,0.032,72.02,1.3375451263537907,1.3375451263537907,0.7638886728570246,False,False,13.6,
2026-06-24,AMAZON MARKETPLACE,35.59,Shopping,0,amazon marketplace,amazon marketplace,6,2,24,Shopping,0.8586,35.59,3.5997749790311153,0.034,69.9,0.5091559370529327,1.0,0.0,False,False,1.5,
2026-06-24,CHIPOTLE 1432,16.84,Dining,0,chipotle,chipotle,6,2,24,Dining,0.8391,16.84,2.8814431271518632,0.044,15.82,1.0644753476611883,1.0644753476611883,0.18080961226442224,False,False,14.1,
2026-06-24,SPOTIFY USA,13.14,Entertainment,0,spotify usa,spotify,6,2,24,Entertainment,0.8853,13.14,2.6490076604684267,0.022,16.63,0.7901383042693928,1.0,0.0,False,False,11.4,
2026-06-25,ETSY.COM,52.06,Shopping,0,etsy com,etsy,6,3,25,Shopping,0.8857,52.06,3.971423348709594,0.04,58.8,0.885374149659864,1.0,0.0,False,False,3.4,
2026-06-25,MOBIL 29182,407.72,Fuel,1,mobil,mobil,6,3,25,Fuel,0.8379,407.72,6.013030325022543,0.032,55.785,7.308774760240209,7.308774760240209,20.0,True,True,100.0,amount is 7.3x this merchant's typical amount (median $55.78)
2026-06-25,DUNKIN 349832,9.8,Dining,0,dunkin,dunkin,6,3,25,Dining,0.8728,9.8,2.379546134130174,0.044,7.555,1.297154202514891,1.297154202514891,0.5996957445643394,False,False,27.2,
2026-06-27,SPEEDWAY 8912,29.74,Fuel,0,speedway,speedway,6,5,27,Fuel,0.8361,29.74,3.4255647381104497,0.024,44.185,0.6730790992418241,1.0,0.0,False,False,8.3,
2026-06-27,SHELL OIL 88321,70.61,Fuel,0,shell oil,shell,6,5,27,Fuel,0.8847,70.61,4.271234729018849,0.028,55.515,1.271908493200036,1.271908493200036,0.8803664517336103,False,False,16.2,
2026-06-27,TRADER JOES #551,39.19,Groceries,0,trader joes,trader joes,6,5,27,Groceries,0.8246,39.19,3.6936182084611096,0.032,72.02,0.5441544015551236,1.0,0.0,False,False,2.4,
2026-06-28,HULU,11.39,Entertainment,0,hulu,hulu,6,6,28,Entertainment,0.907,11.39,2.516889695641051,0.02,17.52,0.6501141552511416,1.0,0.0,False,False,17.4,
2026-06-29,BP GAS STATION 2281,49.95,Fuel,0,bp gas station,bp,6,0,29,Fuel,0.8547,49.95,3.9308447596687337,0.018,49.95,1.0,1.0,0.0,False,False,15.2,
2026-06-29,MOBIL 29182,37.56,Fuel,0,mobil,mobil,6,0,29,Fuel,0.8379,37.56,3.652215469742345,0.032,55.785,0.6732992739983867,1.0,0.0,False,False,2.6,
2026-06-29,TARGET STORE 1192,19.99,Shopping,0,target store,target,6,0,29,Shopping,0.8032,19.99,3.0440461338325417,0.034,84.47,0.23665206582218537,1.0,0.0,False,False,3.9,
2026-06-30,CHIPOTLE 1432,10.61,Dining,0,chipotle,chipotle,6,1,30,Dining,0.8391,10.61,2.4518667957098,0.044,15.82,0.670670037926675,1.0,0.0,False,False,5.7,
2026-06-30,WHOLE FOODS MARKET,118.91,Groceries,0,whole foods market,whole foods,6,1,30,Groceries,0.8276,118.91,4.786741461391342,0.048,77.685,1.5306687262663319,1.5306687262663319,0.9017636309201438,False,False,25.5,
2026-07-01,SHELL OIL 88321,42.8,Fuel,0,shell oil,shell,7,2,1,Fuel,0.8847,42.8,3.7796338173824005,0.028,55.515,0.7709628028460775,1.0,0.0,False,False,5.4,
2026-07-01,MOBIL 29182,31.81,Fuel,0,mobil,mobil,7,2,1,Fuel,0.8379,31.81,3.4907333469730104,0.032,55.785,0.5702249708703057,1.0,0.0,False,False,4.1,
2026-07-02,TACO BELL 3982,5.72,Dining,0,taco bell,taco bell,7,3,2,Dining,0.861,5.72,1.9050881545350582,0.036,12.05,0.4746887966804979,1.0,0.0,False,False,19.9,
2026-07-02,TACO BELL 3982,13.29,Dining,0,taco bell,taco bell,7,3,2,Dining,0.861,13.29,2.659559991941776,0.036,12.05,1.1029045643153526,1.1029045643153526,0.35972840505418346,False,False,19.2,
2026-07-03,STARBUCKS STORE 12931,4.63,Dining,0,starbucks store,starbucks,7,4,3,Dining,0.8092,4.63,1.728109442151599,0.07,9.87,0.4690982776089159,1.0,0.0,False,False,34.9,
2026-07-03,COSTCO WHOLESALE,107.56,Groceries,0,costco wholesale,costco wholesale,7,4,3,Groceries,0.8857,107.56,4.687303015526614,0.06,107.98,0.9961103908131135,1.0,0.0,False,False,19.9,
2026-07-04,MOBIL 29182,52.72,Fuel,0,mobil,mobil,7,5,4,Fuel,0.8379,52.72,3.9837853716550367,0.032,55.785,0.9450569149412925,1.0,0.0,False,False,1.8,
2026-07-04,STARBUCKS STORE 12931,12.3,Dining,0,starbucks store,starbucks,7,5,4,Dining,0.8092,12.3,2.5877640352277083,0.07,9.87,1.2462006079027357,1.2462006079027357,0.6689847124604604,False,False,35.7,
2026-07-04,STARBUCKS STORE 12931,10.81,Dining,0,starbucks store,starbucks,7,5,4,Dining,0.8092,10.81,2.468946630209271,0.07,9.87,1.0952380952380953,1.0952380952380953,0.2587842097583676,False,False,36.8,
2026-07-05,ETSY.COM,43.5,Shopping,0,etsy com,etsy,7,6,5,Shopping,0.8857,43.5,3.7954891891721947,0.04,58.8,0.7397959183673469,1.0,0.0,False,False,3.9,
2026-07-05,DUNKIN 349832,6.52,Dining,0,dunkin,dunkin,7,6,5,Dining,0.8728,6.52,2.017566137961748,0.044,7.555,0.8630046326935804,1.0,0.0,False,False,12.5,
2026-07-05,SPEEDWAY 8912,36.1,Fuel,0,speedway,speedway,7,6,5,Fuel,0.8361,36.1,3.6136169696133895,0.024,44.185,0.8170193504583003,1.0,0.0,False,False,7.9,
2026-07-05,COSTCO WHOLESALE,104.79,Groceries,0,costco wholesale,costco wholesale,7,6,5,Groceries,0.8857,104.79,4.661455996998683,0.06,107.98,0.9704574921281719,1.0,0.0,False,False,18.8,
2026-07-05,CHIPOTLE 1432,21.99,Dining,0,chipotle,chipotle,7,6,5,Dining,0.8391,21.99,3.1350593387750902,0.044,15.82,1.3900126422250314,1.3900126422250314,1.0937208898740054,False,False,23.1,
2026-07-05,MCDONALDS F3812,16.62,Dining,0,mcdonalds f,mcdonalds,7,6,5,Dining,0.8766,16.62,2.8690346205080335,0.056,11.995000000000001,1.385577323884952,1.385577323884952,0.8442543335803119,False,False,29.4,
2026-07-06,MCDONALDS F3812,6.02,Dining,0,mcdonalds f,mcdonalds,7,0,6,Dining,0.8766,6.02,1.9487632180377197,0.056,11.995000000000001,0.5018757815756565,1.0,0.0,False,False,22.0,
2026-07-07,PANERA BREAD 2918,20.03,Dining,0,panera bread,panera bread,7,1,7,Dining,0.8521,20.03,3.0459499897146083,0.046,18.11,1.106018774157924,1.106018774157924,0.3679040506235977,False,False,16.6,
2026-07-08,KROGER #912,32.4,Groceries,0,kroger,kroger,7,2,8,Groceries,0.7572,32.4,3.5085558999826545,0.026,71.93,0.4504379257611566,1.0,0.0,False,False,7.6,
2026-07-08,MCDONALDS F3812,9.97,Dining,0,mcdonalds f,mcdonalds,7,2,8,Dining,0.8766,9.97,2.395164274287139,0.056,11.995000000000001,0.8311796581909129,1.0,0.0,False,False,12.3,
2026-07-08,WHOLE FOODS MARKET,137.32,Groceries,0,whole foods market,whole foods,7,2,8,Groceries,0.8276,137.32,4.929569841375035,0.048,77.685,1.7676514127566454,1.7676514127566454,1.3044675349890302,False,False,38.6,
2026-07-09,CHEVRON 5812,42.52,Fuel,0,chevron,chevron,7,3,9,Fuel,0.9404,42.52,3.773220602547687,0.034,56.98,0.7462267462267463,1.0,0.0,False,False,0.5,
2026-07-10,DUNKIN 349832,5.06,Dining,0,dunkin,dunkin,7,4,10,Dining,0.8728,5.06,1.801709800081223,0.044,7.555,0.6697551290536069,1.0,0.0,False,False,17.0,
2026-07-10,AMZN MKTP US,95.51,Shopping,0,amzn mktp us,amazon,7,4,10,Shopping,0.8063,95.51,4.569646629919045,0.034,90.57,1.0545434470575248,1.0545434470575248,0.13900643937481805,False,False,9.1,
2026-07-10,STARBUCKS STORE 12931,11.81,Dining,0,starbucks store,starbucks,7,4,10,Dining,0.8092,11.81,2.550226115908643,0.07,9.87,1.1965552178318137,1.1965552178318137,0.5340865605651413,False,False,36.7,
2026-07-11,TACO BELL 3982,11.11,Dining,0,taco bell,taco bell,7,5,11,Dining,0.861,11.11,2.494031557565001,0.036,12.05,0.9219917012448132,1.0,0.0,False,False,6.8,
2026-07-11,AMAZON MARKETPLACE,67.07,Shopping,0,amazon marketplace,amazon marketplace,7,5,11,Shopping,0.8586,67.07,4.22053658745986,0.034,69.9,0.9595135908440627,1.0,0.0,False,False,0.5,
2026-07-11,AMZN MKTP US,92.35,Shopping,0,amzn mktp us,amazon,7,5,11,Shopping,0.8063,92.35,4.536355869987732,0.034,90.57,1.0196533068344926,1.0196533068344926,0.05008734050347686,False,False,9.3,
2026-07-11,SHOPRITE #441,91.41,Groceries,0,shoprite,shoprite,7,5,11,Groceries,0.7574,91.41,4.526235197899949,0.034,89.38,1.0227120161109868,1.0227120161109868,0.04884824265920403,False,False,9.1,
2026-07-12,MCDONALDS F3812,9.29,Dining,0,mcdonalds f,mcdonalds,7,6,12,Dining,0.8766,9.29,2.331172549845958,0.056,11.995000000000001,0.7744893705710711,1.0,0.0,False,False,12.7,
2026-07-12,DUNKIN 349832,10.11,Dining,0,dunkin,dunkin,7,6,12,Dining,0.8728,10.11,2.4078456036515385,0.044,7.555,1.3381866313699537,1.3381866313699537,0.6825045110743369,False,False,27.9,
2026-07-12,AMZN MKTP US,25.43,Shopping,0,amzn mktp us,amazon,7,6,12,Shopping,0.8063,25.43,3.2744997286161976,0.034,90.57,0.2807772993264878,1.0,0.0,False,False,4.0,
2026-07-13,PANERA BREAD 2918,22.71,Dining,0,panera bread,panera bread,7,0,13,Dining,0.8521,22.71,3.165896900077314,0.046,18.11,1.2540033130866926,1.2540033130866926,0.881436787952369,False,False,20.7,
2026-07-13,ETSY.COM,98.16,Shopping,0,etsy com,etsy,7,0,13,Shopping,0.8857,98.16,4.5967347071669895,0.04,58.8,1.6693877551020408,1.6693877551020408,1.1841193707849593,False,False,26.4,
2026-07-13,MCDONALDS F3812,12.38,Dining,0,mcdonalds f,mcdonalds,7,0,13,Dining,0.8766,12.38,2.5937610547000824,0.056,11.995000000000001,1.032096706961234,1.032096706961234,0.07027846884938808,False,False,23.3,
2026-07-14,KROGER #912,71.93,Groceries,0,kroger,kroger,7,1,14,Groceries,0.7572,71.93,4.289500076996142,0.026,71.93,1.0,1.0,0.0,False,False,8.5,
2026-07-14,COSTCO WHOLESALE,114.14,Groceries,0,costco wholesale,costco wholesale,7,1,14,Groceries,0.8857,114.14,4.7461487792476635,0.06,107.98,1.057047601407668,1.057047601407668,0.11447480585137962,False,False,28.5,
2026-07-14,TARGET STORE 1192,109.46,Shopping,0,target store,target,7,1,14,Shopping,0.8032,109.46,4.704653464473042,0.034,84.47,1.2958446785841127,1.2958446785841127,0.4658796041824242,False,False,13.6,
2026-07-14,STARBUCKS STORE 12931,4.49,Dining,0,starbucks store,starbucks,7,1,14,Dining,0.8092,4.49,1.7029282555214393,0.07,9.87,0.4549138804457954,1.0,0.0,False,False,36.3,
2026-07-15,EBAY COMMERCE,39.7,Shopping,0,ebay commerce,ebay commerce,7,2,15,Shopping,0.8827,39.7,3.7062280924485496,0.03,93.2,0.4259656652360515,1.0,0.0,False,False,3.2,
2026-07-15,MCDONALDS F3812,18.93,Dining,0,mcdonalds f,mcdonalds,7,2,15,Dining,0.8766,18.93,2.9922261342247034,0.056,11.995000000000001,1.578157565652355,1.578157565652355,1.2659251466766404,False,False,35.9,
2026-07-15,TRADER JOES #551,67.24,Groceries,0,trader joes,trader joes,7,2,15,Groceries,0.8246,67.24,4.223030903183424,0.032,72.02,0.9336295473479589,1.0,0.0,False,False,2.2,
2026-07-16,SHOPRITE #441,65.32,Groceries,0,shoprite,shoprite,7,3,16,Groceries,0.7574,65.32,4.1944915108270395,0.034,89.38,0.7308122622510629,1.0,0.0,False,False,0.4,
2026-07-16,AMZN MKTP US,65.4,Shopping,0,amzn mktp us,amazon,7,3,16,Shopping,0.8063,65.4,4.1956970564823886,0.034,90.57,0.722093408413382,1.0,0.0,False,False,0.4,
2026-07-16,STARBUCKS STORE 12931,9.0,Dining,0,starbucks store,starbucks,7,3,16,Dining,0.8092,9.0,2.302585092994046,0.07,9.87,0.9118541033434652,1.0,0.0,False,False,22.4,
2026-07-16,CHIPOTLE 1432,13.47,Dining,0,chipotle,chipotle,7,3,16,Dining,0.8391,13.47,2.6720775406433925,0.044,15.82,0.8514538558786346,1.0,0.0,False,False,5.6,
2026-07-16,PANERA BREAD 2918,13.8,Dining,0,panera bread,panera bread,7,3,16,Dining,0.8521,13.8,2.6946271807700692,0.046,18.11,0.7620099392600773,1.0,0.0,False,False,6.9,
2026-07-17,STARBUCKS STORE 12931,8.82,Dining,0,starbucks store,starbucks,7,4,17,Dining,0.8092,8.82,2.2844211223663744,0.07,9.87,0.8936170212765958,1.0,0.0,False,False,22.6,
2026-07-17,MCDONALDS F3812,7.39,Dining,0,mcdonalds f,mcdonalds,7,4,17,Dining,0.8766,7.39,2.127040520479115,0.056,11.995000000000001,0.6160900375156314,1.0,0.0,False,False,15.6,
2026-07-18,AMZN MKTP US,20.98,Shopping,0,amzn mktp us,amazon,7,5,18,Shopping,0.8063,20.98,3.090132948975475,0.034,90.57,0.23164403224025618,1.0,0.0,False,False,4.0,
2026-07-18,EBAY COMMERCE,118.1,Shopping,0,ebay commerce,ebay commerce,7,5,18,Shopping,0.8827,118.1,4.779963476361254,0.03,93.2,1.2671673819742488,1.2671673819742488,0.6796770502212554,False,False,16.5,
2026-07-18,WHOLE FOODS MARKET,35.34,Groceries,0,whole foods market,whole foods,7,5,18,Groceries,0.8276,35.34,3.592919062968025,0.048,77.685,0.45491407607646267,1.0,0.0,False,False,8.9,
2026-07-18,ETSY.COM,45.23,Shopping,0,etsy com,etsy,7,5,18,Shopping,0.8857,45.23,3.833628938000134,0.04,58.8,0.76921768707483,1.0,0.0,False,False,3.6,
2026-07-19,ALDI #128,98.18,Groceries,0,aldi,aldi,7,6,19,Groceries,0.7881,98.18,4.596936381060988,0.03,68.7,1.4291120815138283,1.4291120815138283,1.069031590826346,False,False,19.3,
2026-07-19,CHIPOTLE 1432,12.1,Dining,0,chipotle,chipotle,7,6,19,Dining,0.8391,12.1,2.5726122302071057,0.044,15.82,0.7648546144121365,1.0,0.0,False,False,5.5,
2026-07-19,TRADER JOES #551,73.6,Groceries,0,trader joes,trader joes,7,6,19,Groceries,0.8246,73.6,4.312140507209715,0.032,72.02,1.021938350458206,1.021938350458206,0.049648050313208444,False,False,9.6,
2026-07-19,CHIPOTLE 1432,15.44,Dining,0,chipotle,chipotle,7,6,19,Dining,0.8391,15.44,2.7997173896280336,0.044,15.82,0.9759797724399494,1.0,0.0,False,False,5.7,
2026-07-19,COSTCO WHOLESALE,48.33,Groceries,0,costco wholesale,costco wholesale,7,6,19,Groceries,0.8857,48.33,3.8985324152456466,0.06,107.98,0.44758288571957766,1.0,0.0,False,False,15.1,
2026-07-19,STARBUCKS STORE 12931,13.21,Dining,0,starbucks store,starbucks,7,6,19,Dining,0.8092,13.21,2.6539459421090092,0.07,9.87,1.3383991894630194,1.3383991894630194,0.9195098516946244,False,False,39.3,
2026-07-21,SPEEDWAY 8912,36.4,Fuel,0,speedway,speedway,7,1,21,Fuel,0.8361,36.4,3.6216707044204863,0.024,44.185,0.8238089849496435,1.0,0.0,False,False,7.9,
2026-07-21,DUNKIN 349832,7.32,Dining,0,dunkin,dunkin,7,1,21,Dining,0.8728,7.32,2.1186622548331173,0.044,7.555,0.9688947716743879,1.0,0.0,False,False,10.2,
2026-07-21,PANERA BREAD 2918,23.58,Dining,0,panera bread,panera bread,7,1,21,Dining,0.8521,23.58,3.201933104137889,0.046,18.11,1.3020430701270016,1.3020430701270016,1.0481433108911862,False,False,22.2,
2026-07-21,BEST BUY 882,100.02,Shopping,0,best buy,best buy,7,1,21,Shopping,0.8555,100.02,4.615318517039906,0.038,117.4,0.8519591141396933,1.0,0.0,False,False,7.9,
2026-07-22,STARBUCKS STORE 12931,9.3,Dining,0,starbucks store,starbucks,7,2,22,Dining,0.8092,9.3,2.33214389523559,0.07,9.87,0.9422492401215807,1.0,0.0,False,False,22.0,
2026-07-22,WHOLE FOODS MARKET,62.0,Groceries,0,whole foods market,whole foods,7,2,22,Groceries,0.8276,62.0,4.143134726391533,0.048,77.685,0.7980948703095836,1.0,0.0,False,False,8.0,
2026-07-22,MOBIL 29182,57.45,Fuel,0,mobil,mobil,7,2,22,Fuel,0.8379,57.45,4.068171687918078,0.032,55.785,1.02984673299274,1.02984673299274,0.09951503008671117,False,False,10.3,
2026-07-23,SHOPRITE #441,96.99,Groceries,0,shoprite,shoprite,7,3,23,Groceries,0.7574,96.99,4.584865432647727,0.034,89.38,1.0851420899530095,1.0851420899530095,0.18312075203770564,False,False,9.3,
2026-07-23,SHELL OIL 88321,42.89,Fuel,0,shell oil,shell,7,3,23,Fuel,0.8847,42.89,3.7816865037001426,0.028,55.515,0.7725839863100064,1.0,0.0,False,False,5.4,
2026-07-23,ALDI #128,99.64,Groceries,0,aldi,aldi,7,3,23,Groceries,0.7881,99.64,4.611549792952131,0.03,68.7,1.4503639010189229,1.4503639010189229,1.1219754891508527,False,False,20.3,
2026-07-23,CHIPOTLE 1432,16.2,Dining,0,chipotle,chipotle,7,3,23,Dining,0.8391,16.2,2.8449093838194073,0.044,15.82,1.0240202275600505,1.0240202275600505,0.06736044378478462,False,False,12.7,
2026-07-23,TARGET STORE 1192,20.45,Shopping,0,target store,target,7,3,23,Shopping,0.8032,20.45,3.065724645374026,0.034,84.47,0.2420977861962827,1.0,0.0,False,False,4.2,
2026-07-24,SHELL OIL 88321,65.19,Fuel,0,shell oil,shell,7,4,24,Fuel,0.8847,65.19,4.1925293941308315,0.028,55.515,1.1742772223723317,1.1742772223723317,0.5642626976166066,False,False,15.6,
2026-07-24,SPOTIFY USA,19.64,Entertainment,0,spotify usa,spotify,7,4,24,Entertainment,0.8853,19.64,3.027230940613362,0.022,16.63,1.180998196031269,1.180998196031269,1.2066546402084593,False,False,27.8,
2026-07-24,SHOPRITE #441,91.62,Groceries,0,shoprite,shoprite,7,4,24,Groceries,0.7574,91.62,4.528505101052606,0.034,89.38,1.02506153501902,1.02506153501902,0.053901509141190844,False,False,8.6,
2026-07-25,WHOLE FOODS MARKET,71.88,Groceries,0,whole foods market,whole foods,7,5,25,Groceries,0.8276,71.88,4.288814252951703,0.048,77.685,0.9252751496427881,1.0,0.0,False,False,8.7,
2026-07-25,SHOPRITE #441,119.85,Groceries,0,shoprite,shoprite,7,5,25,Groceries,0.7574,119.85,4.794550107149492,0.034,89.38,1.340904005370329,1.340904005370329,0.733204903362535,False,False,13.5,
2026-07-25,PANERA BREAD 2918,21.24,Dining,0,panera bread,panera bread,7,5,25,Dining,0.8521,21.24,3.1018924693823817,0.046,18.11,1.172832689122032,1.172832689122032,0.5997602491936769,False,False,18.8,
2026-07-25,BP GAS STATION 2281,44.66,Fuel,0,bp gas station,bp,7,5,25,Fuel,0.8547,44.66,3.821222641101649,0.018,49.95,0.894094094094094,1.0,0.0,False,False,14.6,
2026-07-25,STARBUCKS STORE 12931,7.42,Dining,0,starbucks store,starbucks,7,5,25,Dining,0.8092,7.42,2.130609828254235,0.07,9.87,0.7517730496453902,1.0,0.0,False,False,23.8,
2026-07-26,AMZN MKTP US,102.64,Shopping,0,amzn mktp us,amazon,7,6,26,Shopping,0.8063,102.64,4.640923355693909,0.034,90.57,1.133267086231644,1.133267086231644,0.33963719094211553,False,False,11.6,
2026-07-26,STARBUCKS STORE 12931,6.41,Dining,0,starbucks store,starbucks,7,6,26,Dining,0.8092,6.41,2.0028304393079956,0.07,9.87,0.6494427558257346,1.0,0.0,False,False,26.4,
2026-07-27,DUNKIN 349832,8.16,Dining,0,dunkin,dunkin,7,0,27,Dining,0.8728,8.16,2.214846178686039,0.044,7.555,1.0800794176042356,1.0800794176042356,0.16161065722112491,False,False,22.1,
2026-07-27,PANERA BREAD 2918,16.48,Dining,0,panera bread,panera bread,7,0,27,Dining,0.8521,16.48,2.8610573702273894,0.046,18.11,0.909994478188846,1.0,0.0,False,False,6.6,
2026-07-27,MAX STREAMING,19.31,Entertainment,0,max streaming,max streaming,7,0,27,Entertainment,0.9204,19.31,3.011113375592293,0.022,16.68,1.157673860911271,1.157673860911271,0.3272897965725913,False,False,20.9,
2026-07-27,AMAZON MARKETPLACE,17.66,Shopping,0,amazon marketplace,amazon marketplace,7,0,27,Shopping,0.8586,17.66,2.926382195419198,0.034,69.9,0.2526466380543634,1.0,0.0,False,False,4.5,
2026-07-27,EBAY COMMERCE,114.3,Shopping,0,ebay commerce,ebay commerce,7,0,27,Shopping,0.8827,114.3,4.747537427275013,0.03,93.2,1.2263948497854076,1.2263948497854076,0.5759512353280517,False,False,17.6,
2026-07-28,ALDI #128,77.42,Groceries,0,aldi,aldi,7,1,28,Groceries,0.7881,77.42,4.362078996864185,0.03,68.7,1.1269286754002912,1.1269286754002912,0.3162128721847264,False,False,12.3,
2026-07-28,APPLE MUSIC,12.34,Entertainment,0,apple music,apple music,7,1,28,Entertainment,0.8728,12.34,2.590767040487478,0.014,9.74,1.2669404517453797,1.2669404517453797,1.1849161990805046,False,False,43.0,
2026-07-28,COSTCO WHOLESALE,105.1,Groceries,0,costco wholesale,costco wholesale,7,1,28,Groceries,0.8857,105.1,4.664382045619937,0.06,107.98,0.9733283941470642,1.0,0.0,False,False,18.8,
2026-07-28,AMZN MKTP US,41.71,Shopping,0,amzn mktp us,amazon,7,1,28,Shopping,0.8063,41.71,3.754433084853375,0.034,90.57,0.46052776857679145,1.0,0.0,False,False,0.5,
2026-07-28,AMZN MKTP US,118.06,Shopping,0,amzn mktp us,amazon,7,1,28,Shopping,0.8063,118.06,4.779627567725244,0.034,90.57,1.303522137573148,1.303522137573148,0.7735398822699879,False,False,13.3,
2026-07-29,EXXON 57291,74.97,Fuel,0,exxon,exxon,7,2,29,Fuel,0.8754,74.97,4.33033852551513,0.014,59.83,1.2530503092094267,1.2530503092094267,1.2877415004382915,False,False,39.8,
2026-07-30,BEST BUY 882,88.16,Shopping,0,best buy,best buy,7,3,30,Shopping,0.8555,88.16,4.490432508517668,0.038,117.4,0.7509369676320272,1.0,0.0,False,False,5.9,
2026-07-30,TRADER JOES #551,41.37,Groceries,0,trader joes,trader joes,7,3,30,Groceries,0.8246,41.37,3.7464405646384678,0.032,72.02,0.5744237711746737,1.0,0.0,False,False,2.0,
2026-07-30,WHOLE FOODS MARKET,83.49,Groceries,0,whole foods market,whole foods,7,3,30,Groceries,0.8276,83.49,4.436633184164753,0.048,77.685,1.0747248503572118,1.0747248503572118,0.12697969381422508,False,False,16.8,
2026-07-30,DUNKIN 349832,10.32,Dining,0,dunkin,dunkin,7,3,30,Dining,0.8728,10.32,2.4265710727750367,0.044,7.555,1.3659827928524158,1.3659827928524158,0.7386007722585292,False,False,28.6,
